セクション,セクション_ja,項目,項目_ja,2026年モデル 改良版 1.6L MT 標準軸 快適型 5人乗り,2026年モデル 改良版 1.6L MT 標準軸 快適型 7人乗り,2026年モデル 改良版 1.6L MT 標準軸 豪華型 7人乗り,2026年モデル 改良版 1.6L MT 標準軸 中級営業用 7人乗り,2026年モデル 改良版 1.6L MT 標準軸 中級営業用 8人乗り,2026年モデル 改良版 1.6L MT ロング軸 快適型 5人乗り,2026年モデル 改良版 1.6L MT ロング軸 快適型 7人乗り,2026年モデル 改良版 2.0L MT 標準軸 豪華型 7人乗り,2026年モデル 2.0L MT ロング軸 快適型 7人乗り CNG,2026年モデル 2.0L MT ロング軸 エリート版 7人乗り CNG,2026年モデル 2.0L MT ロング軸 エリート版 9人乗り CNG,2026年モデル 2.0L ロング軸 中級営業用 快適版 7人乗り CNG,2026年モデル 2.0L ロング軸 中級営業用 快適版 8人乗り CNG,2026年モデル 2.0L ロング軸 中級営業用 快適版 9人乗り CNG,2026年モデル 2.0L AT ロング軸 新年版 7人乗り,2026年モデル 2.0L AT ロング軸 新年版 9人乗り,2026年モデル 2.0L キャンピングカー 美途版 5人乗り,2026年モデル 2.0L キャンピングカー 軽旅版 5人乗り,2026年モデル 改良版 2.0L AT ロング軸 豪華型 7人乗り,2026年モデル 改良版 2.0L AT ロング軸 豪華型 9人乗り,2026年モデル 改良版 2.0L AT ロング軸 フラッグシップ型 7人乗り,2026年モデル 改良版 2.0L AT ロング軸 フラッグシップ型 9人乗り,2026年モデル 改良版 2.0L AT ロング軸 中級営業用 7人乗り,2026年モデル 改良版 2.0L AT ロング軸 中級営業用 9人乗り,2026年モデル 改良版 2.0L MT ロング軸 基本型 ブラインドウィンドウ版 2人乗り,2026年モデル 改良版 2.0L MT ロング軸 快適型 7人乗り,2026年モデル 改良版 2.0L MT ロング軸 豪華型 7人乗り,2026年モデル 改良版 2.0L MT ロング軸 豪華型 9人乗り,2026年モデル 改良版 2.0L MT ロング軸 中級営業用 7人乗り,2026年モデル 改良版 2.0L MT ロング軸 中級営業用 8人乗り,2026年モデル 改良版 2.0L MT ロング軸 中級営業用 9人乗り,2026年モデル 2.0L AT ロング軸 豪華型 7人乗り,2026年モデル 2.0L AT ロング軸 豪華型 9人乗り,2026年モデル 2.0L AT ロング軸 フラッグシップ型 7人乗り,2026年モデル 2.0L AT ロング軸 フラッグシップ型 9人乗り,2026年モデル 2.0L AT ロング軸 中級営業用 7人乗り,2026年モデル 2.0L AT ロング軸 中級営業用 9人乗り,2026年モデル 1.6L MT 標準軸 快適型 5人乗り,2026年モデル 1.6L MT 標準軸 快適型 7人乗り,2026年モデル 1.6L MT 標準軸 豪華型 7人乗り,2026年モデル 1.6L MT 標準軸 中級営業用 7人乗り,2026年モデル 1.6L MT 標準軸 中級営業用 8人乗り,2026年モデル 2.0L MT 標準軸 豪華型 7人乗り,2026年モデル 1.6L MT ロング軸 快適型 5人乗り,2026年モデル 1.6L MT ロング軸 快適型 7人乗り,2026年モデル 2.0L MT ロング軸 基本型 ブラインドウィンドウ版 2人乗り,2026年モデル 2.0L MT ロング軸 快適型 7人乗り,2026年モデル 2.0L MT ロング軸 豪華型 7人乗り,2026年モデル 2.0L MT ロング軸 豪華型 9人乗り,2026年モデル 2.0L MT ロング軸 中級営業用 7人乗り,2026年モデル 2.0L MT ロング軸 中級営業用 8人乗り,2026年モデル 2.0L MT ロング軸 中級営業用 9人乗り,2025年モデル 2.0L CNG 基本版 2人乗り,2025年モデル 2.0L CNG 快適型 6人乗り,2025年モデル 2.0L CNG 快適型 7人乗り,2025年モデル 2.0L CNG エリート版 7人乗り,2025年モデル 2.0L CNG エリート版 9人乗り,2025年モデル 2.0L CNG 中級営業用 快適版 7人乗り,2025年モデル 2.0L CNG 中級営業用 快適版 8人乗り,2025年モデル 2.0L CNG 中級営業用 快適版 9人乗り,2025年モデル 2.0L CNG 中級営業用ラグジュアリー 7人乗り,2025年モデル 2.0L CNG 中級営業用ラグジュアリー 9人乗り,2025年モデル 2.0L CNG 上級営業用ラグジュアリー 7人乗り,2025年モデル 2.0L CNG 上級営業用ラグジュアリー 9人乗り,2025年モデル 1.6L MT 標準軸 快適タイプ 5人乗り,2025年モデル 1.6L MT 標準軸 ラグジュアリー 7人乗り,2025年モデル 1.6L MT 標準軸 中級営業用 7人乗り,2025年モデル 1.6L MT 標準軸 中級営業用 8人乗り,2025年モデル 2.0L MT 標準軸 ラグジュアリー 7人乗り,2025年モデル 2.0L MT 標準軸 中級営業用 7人乗り,2025年モデル 2.0L MT 標準軸 中級営業用 8人乗り,2025年モデル 1.6L MT ロング軸 快適タイプ 5人乗り,2025年モデル 1.6L MT ロング軸 快適タイプ 6・7人乗り,2025年モデル 2.0L MT ロング軸 ブラインドウィンドウ 基本タイプ 2人乗り,2025年モデル 2.0L MT ロング軸 快適タイプ 6・7人乗り,2025年モデル 2.0L MT ロング軸 ラグジュアリー 7人乗り,2025年モデル 2.0L MT ロング軸 ラグジュアリー 9人乗り,2025年モデル 2.0L MT ロング軸 中級営業用 7人乗り,2025年モデル 2.0L MT ロング軸 中級営業用 8・9人乗り,2025年モデル 2.0L AT ロング軸 ラグジュアリー 7人乗り,2025年モデル 2.0L AT ロング軸 ラグジュアリー 9人乗り,2025年モデル 2.0L AT ロング軸 フラッグシップ 7人乗り,2025年モデル 2.0L AT ロング軸 フラッグシップ 9人乗り,2025年モデル 2.0L AT ロング軸 中級営業用 7人乗り,2025年モデル 2.0L AT ロング軸 中級営業用 9人乗り,2025年モデル 2.0L AT ロング軸 上級営業用 7人乗り,2025年モデル 2.0L AT ロング軸 上級営業用 9人乗り,2025年モデル 2.0L AT ロング軸 プレミアム 7人乗り,2025年モデル 2.0L CNG 上級営業用 プレミアム 7人乗り,2024年モデル 1.6L ロング軸 創富タイプ 6人乗り,2024年モデル 1.6L ロング軸 創富タイプ 7人乗り,2024年モデル 1.6L ロング軸 創享タイプ 9人乗り,2024年モデル 2.0L ロング軸 創富タイプ 7人乗り,2024年モデル 1.6L ロング軸 ラグジュアリー営業用 9人乗り,2024年モデル 2.0L ロング軸 中級営業用 7人乗り,2024年モデル 2.0L ロング軸 中級営業用 9人乗り,2024年モデル 2.0L ロング軸 プレミアム 7人乗り,2023年モデル 1.6L 標準軸 創富タイプ 7人乗り,2023年モデル 2.0L ロング軸 行政仕様 7人乗り,2023年モデル 2.0L ロング軸 行政仕様 9人乗り,2023年モデル 1.6L ロング軸 配車アプリ専用カスタム 7人乗り,2023年モデル 2.0L ロング軸 配車アプリ専用カスタム 7人乗り,2023年モデル 2.0L CNG ロング軸 ラグジュアリー営業用 9人乗り 連結シート
基本参数,基本仕様,厂商指导价(元),メーカー希望小売価格(元),"5.98万元（日本円 約1,255,800円）","6.48万元（日本円 約1,360,800円）","7.48万元（日本円 約1,570,800円）","9.68万元（日本円 約2,032,800円）","9.98万元（日本円 約2,095,800円）","6.98万元（日本円 約1,465,800円）","7.18万元（日本円 約1,507,800円）","7.88万元（日本円 約1,654,800円）","8.78万元（日本円 約1,843,800円）","9.98万元（日本円 約2,095,800円）","10.28万元（日本円 約2,158,800円）","12.88万元（日本円 約2,704,800円）","13.18万元（日本円 約2,767,800円）","13.18万元（日本円 約2,767,800円）","8.98万元（日本円 約1,885,800円）","9.28万元（日本円 約1,948,800円）","8.98万元（日本円 約1,885,800円）","8.98万元（日本円 約1,885,800円）","9.98万元（日本円 約2,095,800円）","10.28万元（日本円 約2,158,800円）","10.98万元（日本円 約2,305,800円）","11.28万元（日本円 約2,368,800円）","12.98万元（日本円 約2,725,800円）","13.28万元（日本円 約2,788,800円）","6.58万元（日本円 約1,381,800円）","7.48万元（日本円 約1,570,800円）","8.48万元（日本円 約1,780,800円）","8.78万元（日本円 約1,843,800円）","10.38万元（日本円 約2,179,800円）","10.68万元（日本円 約2,242,800円）","10.68万元（日本円 約2,242,800円）","9.98万元（日本円 約2,095,800円）","10.28万元（日本円 約2,158,800円）","10.98万元（日本円 約2,305,800円）","11.28万元（日本円 約2,368,800円）","12.98万元（日本円 約2,725,800円）","13.28万元（日本円 約2,788,800円）","5.98万元（日本円 約1,255,800円）","6.48万元（日本円 約1,360,800円）","7.48万元（日本円 約1,570,800円）","9.68万元（日本円 約2,032,800円）","9.98万元（日本円 約2,095,800円）","7.88万元（日本円 約1,654,800円）","6.98万元（日本円 約1,465,800円）","7.18万元（日本円 約1,507,800円）","6.58万元（日本円 約1,381,800円）","7.48万元（日本円 約1,570,800円）","8.48万元（日本円 約1,780,800円）","8.78万元（日本円 約1,843,800円）","10.38万元（日本円 約2,179,800円）","10.68万元（日本円 約2,242,800円）","10.68万元（日本円 約2,242,800円）","7.98万元（日本円 約1,675,800円）","8.48万元（日本円 約1,780,800円）","8.48万元（日本円 約1,780,800円）","9.98万元（日本円 約2,095,800円）","10.28万元（日本円 約2,158,800円）","12.88万元（日本円 約2,704,800円）","13.18万元（日本円 約2,767,800円）","13.18万元（日本円 約2,767,800円）","13.68万元（日本円 約2,872,800円）","13.98万元（日本円 約2,935,800円）","13.98万元（日本円 約2,935,800円）","14.28万元（日本円 約2,998,800円）","6.18万元（日本円 約1,297,800円）","7.88万元（日本円 約1,654,800円）","9.88万元（日本円 約2,074,800円）","10.18万元（日本円 約2,137,800円）","8.28万元（日本円 約1,738,800円）","10.28万元（日本円 約2,158,800円）","10.58万元（日本円 約2,221,800円）","7.08万元（日本円 約1,486,800円）","7.28万元（日本円 約1,528,800円）","6.78万元（日本円 約1,423,800円）","7.68万元（日本円 約1,612,800円）","8.68万元（日本円 約1,822,800円）","8.98万元（日本円 約1,885,800円）","10.68万元（日本円 約2,242,800円）","10.98万元（日本円 約2,305,800円）","10.98万元（日本円 約2,305,800円）","11.28万元（日本円 約2,368,800円）","11.98万元（日本円 約2,515,800円）","12.28万元（日本円 約2,578,800円）","13.98万元（日本円 約2,935,800円）","14.28万元（日本円 約2,998,800円）","14.48万元（日本円 約3,040,800円）","14.78万元（日本円 約3,103,800円）","15.38万元（日本円 約3,229,800円）","14.18万元（日本円 約2,977,800円）","7.28万元（日本円 約1,528,800円）","7.28万元（日本円 約1,528,800円）","8.78万元（日本円 約1,843,800円）","7.68万元（日本円 約1,612,800円）","10.58万元（日本円 約2,221,800円）","13.98万元（日本円 約2,935,800円）","14.28万元（日本円 約2,998,800円）","15.38万元（日本円 約3,229,800円）","6.68万元（日本円 約1,402,800円）","10.89万元（日本円 約2,286,900円）","11.18万元（日本円 約2,347,800円）","12.08万元（日本円 約2,536,800円）","13.18万元（日本円 約2,767,800円）","13.98万元（日本円 約2,935,800円）"
基本参数,基本仕様,经销商报价,ディーラー販売価格（元）,"5.98万元（日本円 約1,255,800円）","6.48万元（日本円 約1,360,800円）","7.48万元（日本円 約1,570,800円）","9.68万元（日本円 約2,032,800円）","9.98万元（日本円 約2,095,800円）","6.98万元（日本円 約1,465,800円）","7.18万元（日本円 約1,507,800円）","7.88万元（日本円 約1,654,800円）","8.78万元（日本円 約1,843,800円）","9.98万元（日本円 約2,095,800円）","10.28万元（日本円 約2,158,800円）","12.88万元（日本円 約2,704,800円）","13.18万元（日本円 約2,767,800円）","13.18万元（日本円 約2,767,800円）","8.98万元（日本円 約1,885,800円）","9.28万元（日本円 約1,948,800円）","8.98万元（日本円 約1,885,800円）","8.98万元（日本円 約1,885,800円）","9.98万元（日本円 約2,095,800円）","10.28万元（日本円 約2,158,800円）","10.98万元（日本円 約2,305,800円）","11.28万元（日本円 約2,368,800円）","12.98万元（日本円 約2,725,800円）","13.28万元（日本円 約2,788,800円）","6.58万元（日本円 約1,381,800円）","7.48万元（日本円 約1,570,800円）","8.48万元（日本円 約1,780,800円）","8.78万元（日本円 約1,843,800円）","10.38万元（日本円 約2,179,800円）","10.68万元（日本円 約2,242,800円）","10.68万元（日本円 約2,242,800円）","9.78万元（日本円 約2,053,800円）","9.28万元（日本円 約1,948,800円）","9.98万元（日本円 約2,095,800円）","10.28万元（日本円 約2,158,800円）","12.98万元（日本円 約2,725,800円）","13.28万元（日本円 約2,788,800円）","5.98万元（日本円 約1,255,800円）","6.48万元（日本円 約1,360,800円）","7.48万元（日本円 約1,570,800円）","9.68万元（日本円 約2,032,800円）","9.98万元（日本円 約2,095,800円）","7.88万元（日本円 約1,654,800円）","6.98万元（日本円 約1,465,800円）","7.18万元（日本円 約1,507,800円）","6.58万元（日本円 約1,381,800円）","7.48万元（日本円 約1,570,800円）","8.48万元（日本円 約1,780,800円）","8.78万元（日本円 約1,843,800円）","10.38万元（日本円 約2,179,800円）","10.68万元（日本円 約2,242,800円）","10.68万元（日本円 約2,242,800円）","6.97万元（日本円 約1,463,700円）","7.47万元（日本円 約1,568,700円）","7.47万元（日本円 約1,568,700円）","7.98万元（日本円 約1,675,800円）","8.88万元（日本円 約1,864,800円）","8.98万元（日本円 約1,885,800円）","11.08万元（日本円 約2,326,800円）","9.28万元（日本円 約1,948,800円）","11.58万元（日本円 約2,431,800円）","11.88万元（日本円 約2,494,800円）","11.88万元（日本円 約2,494,800円）","12.18万元（日本円 約2,557,800円）","5.58万元（日本円 約1,171,800円）","7.28万元（日本円 約1,528,800円）","9.28万元（日本円 約1,948,800円）","8.18万元（日本円 約1,717,800円）","7.68万元（日本円 約1,612,800円）","9.68万元（日本円 約2,032,800円）","9.98万元（日本円 約2,095,800円）","6.48万元（日本円 約1,360,800円）","6.68万元（日本円 約1,402,800円）","6.18万元（日本円 約1,297,800円）","7.08万元（日本円 約1,486,800円）","8.08万元（日本円 約1,696,800円）","8.38万元（日本円 約1,759,800円）","10.08万元（日本円 約2,116,800円）","10.38万元（日本円 約2,179,800円）","10.38万元（日本円 約2,179,800円）","10.68万元（日本円 約2,242,800円）","11.38万元（日本円 約2,389,800円）","11.68万元（日本円 約2,452,800円）","13.38万元（日本円 約2,809,800円）","13.68万元（日本円 約2,872,800円）","13.88万元（日本円 約2,914,800円）","14.18万元（日本円 約2,977,800円）","14.78万元（日本円 約3,103,800円）","11.68万元（日本円 約2,452,800円）","5.88万元（日本円 約1,234,800円）","5.88万元（日本円 約1,234,800円）","7.78万元（日本円 約1,633,800円）","5.68万元（日本円 約1,192,800円）","8.58万元（日本円 約1,801,800円）","11.98万元（日本円 約2,515,800円）","12.28万元（日本円 約2,578,800円）","13.38万元（日本円 約2,809,800円）","5.48万元（日本円 約1,150,800円）","9.19万元（日本円 約1,929,900円）","9.48万元（日本円 約1,990,800円）","10.38万元（日本円 約2,179,800円）","11.48万元（日本円 約2,410,800円）","11.88万元（日本円 約2,494,800円）"
基本参数,基本仕様,厂商,メーカー,北京自動車製造工場,北京自動車製造工場,北京自動車製造工場,北京自動車製造工場,北京自動車製造工場,北京自動車製造工場,北京自動車製造工場,北京自動車製造工場,北京自動車製造工場,北京自動車製造工場,北京自動車製造工場,北京自動車製造工場,北京自動車製造工場,北京自動車製造工場,北京自動車製造工場,北京自動車製造工場,北京自動車製造工場,北京自動車製造工場,北京自動車製造工場,北京自動車製造工場,北京自動車製造工場,北京自動車製造工場,北京自動車製造工場,北京自動車製造工場,北京自動車製造工場,北京自動車製造工場,北京自動車製造工場,北京自動車製造工場,北京自動車製造工場,北京自動車製造工場,北京自動車製造工場,北京自動車製造工場,北京自動車製造工場,北京自動車製造工場,北京自動車製造工場,北京自動車製造工場,北京自動車製造工場,北京自動車製造工場,北京自動車製造工場,北京自動車製造工場,北京自動車製造工場,北京自動車製造工場,北京自動車製造工場,北京自動車製造工場,北京自動車製造工場,北京自動車製造工場,北京自動車製造工場,北京自動車製造工場,北京自動車製造工場,北京自動車製造工場,北京自動車製造工場,北京自動車製造工場,北京自動車製造工場,北京自動車製造工場,北京自動車製造工場,北京自動車製造工場,北京自動車製造工場,北京自動車製造工場,北京自動車製造工場,北京自動車製造工場,北京自動車製造工場,北京自動車製造工場,北京自動車製造工場,北京自動車製造工場,北京自動車製造工場,北京自動車製造工場,北京自動車製造工場,北京自動車製造工場,北京自動車製造工場,北京自動車製造工場,北京自動車製造工場,北京自動車製造工場,北京自動車製造工場,北京自動車製造工場,北京自動車製造工場,北京自動車製造工場,北京自動車製造工場,北京自動車製造工場,北京自動車製造工場,北京自動車製造工場,北京自動車製造工場,北京自動車製造工場,北京自動車製造工場,北京自動車製造工場,北京自動車製造工場,北京自動車製造工場,北京自動車製造工場,北京自動車製造工場,北京自動車製造工場,北京自動車製造工場,北京自動車製造工場,北京自動車製造工場,北京自動車製造工場,北京自動車製造工場,北京自動車製造工場,北京自動車製造工場,北京自動車製造工場,北京自動車製造工場,北京自動車製造工場,北京自動車製造工場,北京自動車製造工場,北京自動車製造工場,北京自動車製造工場
基本参数,基本仕様,级别,クラス,中大型MPV,中大型MPV,中大型MPV,中大型MPV,中大型MPV,中大型MPV,中大型MPV,中大型MPV,中大型MPV,中大型MPV,中大型MPV,中大型MPV,中大型MPV,中大型MPV,中大型MPV,中大型MPV,中大型MPV,中大型MPV,中大型MPV,中大型MPV,中大型MPV,中大型MPV,中大型MPV,中大型MPV,中大型MPV,中大型MPV,中大型MPV,中大型MPV,中大型MPV,中大型MPV,中大型MPV,中大型MPV,中大型MPV,中大型MPV,中大型MPV,中大型MPV,中大型MPV,中大型MPV,中大型MPV,中大型MPV,中大型MPV,中大型MPV,中大型MPV,中大型MPV,中大型MPV,中大型MPV,中大型MPV,中大型MPV,中大型MPV,中大型MPV,中大型MPV,中大型MPV,中大型MPV,中大型MPV,中大型MPV,中大型MPV,中大型MPV,中大型MPV,中大型MPV,中大型MPV,中大型MPV,中大型MPV,中大型MPV,中大型MPV,中大型MPV,中大型MPV,中大型MPV,中大型MPV,中大型MPV,中大型MPV,中大型MPV,中大型MPV,中大型MPV,中大型MPV,中大型MPV,中大型MPV,中大型MPV,中大型MPV,中大型MPV,中大型MPV,中大型MPV,中大型MPV,中大型MPV,中大型MPV,中大型MPV,中大型MPV,中大型MPV,中大型MPV,中大型MPV,中大型MPV,中大型MPV,中大型MPV,中大型MPV,中大型MPV,中大型MPV,中大型MPV,中大型MPV,中大型MPV,中大型MPV,中大型MPV,中大型MPV,中大型MPV,中大型MPV
基本参数,基本仕様,能源类型,エネルギータイプ,ガソリン,ガソリン,ガソリン,ガソリン,ガソリン,ガソリン,ガソリン,ガソリン,ガソリン+CNG,ガソリン+CNG,ガソリン+CNG,ガソリン+CNG,ガソリン+CNG,ガソリン+CNG,ガソリン,ガソリン,ガソリン,ガソリン,ガソリン,ガソリン,ガソリン,ガソリン,ガソリン,ガソリン,ガソリン,ガソリン,ガソリン,ガソリン,ガソリン,ガソリン,ガソリン,ガソリン,ガソリン,ガソリン,ガソリン,ガソリン,ガソリン,ガソリン,ガソリン,ガソリン,ガソリン,ガソリン,ガソリン,ガソリン,ガソリン,ガソリン,ガソリン,ガソリン,ガソリン,ガソリン,ガソリン,ガソリン,ガソリン+CNG,ガソリン+CNG,ガソリン+CNG,ガソリン+CNG,ガソリン+CNG,ガソリン+CNG,ガソリン+CNG,ガソリン+CNG,ガソリン+CNG,ガソリン+CNG,ガソリン+CNG,ガソリン+CNG,ガソリン,ガソリン,ガソリン,ガソリン,ガソリン,ガソリン,ガソリン,ガソリン,ガソリン,ガソリン,ガソリン,ガソリン,ガソリン,ガソリン,ガソリン,ガソリン,ガソリン,ガソリン,ガソリン,ガソリン,ガソリン,ガソリン,ガソリン,ガソリン,ガソリン+CNG,ガソリン,ガソリン,ガソリン,ガソリン,ガソリン,ガソリン,ガソリン,ガソリン,ガソリン,ガソリン,ガソリン,ガソリン,ガソリン,ガソリン+CNG
基本参数,基本仕様,环保标准,環境基準,国VI,国VI,国VI,国VI,国VI,国VI,国VI,国VI,国VI,国VI,国VI,国VI,国VI,国VI,国VI,国VI,国VI,国VI,国VI,国VI,国VI,国VI,国VI,国VI,国VI,国VI,国VI,国VI,国VI,国VI,国VI,国VI,国VI,国VI,国VI,国VI,国VI,国VI,国VI,国VI,国VI,国VI,国VI,国VI,国VI,国VI,国VI,国VI,国VI,国VI,国VI,国VI,国VI,国VI,国VI,国VI,国VI,国VI,国VI,国VI,国VI,国VI,国VI,国VI,国VI,国VI,国VI,国VI,国VI,国VI,国VI,国VI,国VI,国VI,国VI,国VI,国VI,国VI,国VI,国VI,国VI,国VI,国VI,国VI,国VI,国VI,国VI,国VI,国VI,国VI,国VI,国VI,国VI,国VI,国VI,国VI,国VI,国VI,国VI,国VI,国VI,国VI,国VI
基本参数,基本仕様,上市时间,発売時期,2026-04-07,2026-04-07,2026-04-07,2026-04-07,2026-04-07,2026-04-07,2026-04-07,2026-04-07,2025-12-30,2025-12-30,2025-12-30,2025-12-30,2025-12-30,2025-12-30,2026-02-12,2026-02-12,2026-03-04,2026-03-04,2026-04-07,2026-04-07,2026-04-07,2026-04-07,2026-04-07,2026-04-07,2026-04-07,2026-04-07,2026-04-07,2026-04-07,2026-04-07,2026-04-07,2026-04-07,2025-12-30,2025-12-30,2025-12-30,2025-12-30,2025-12-30,2025-12-30,2025-12-30,2025-12-30,2025-12-30,2025-12-30,2025-12-30,2025-12-30,2025-12-30,2025-12-30,2025-12-30,2025-12-30,2025-12-30,2025-12-30,2025-12-30,2025-12-30,2025-12-30,2024-08-20,2024-08-20,2024-08-20,2024-08-20,2024-08-20,2024-08-20,2024-11-26,2024-08-20,2024-10-14,2024-10-14,2024-10-14,2024-10-14,2024-10-14,2024-10-14,2024-10-14,2024-10-14,2024-10-14,2024-10-14,2024-10-14,2024-10-14,2024-10-14,2024-10-14,2024-10-14,2024-10-14,2024-10-14,2024-10-14,2024-10-14,2024-10-14,2024-10-14,2024-10-14,2024-10-14,2024-08-20,2024-08-20,2024-10-14,2024-10-14,2024-08-20,2025-05-26,2024-04-08,2024-01-31,2024-01-31,2024-01-31,2024-01-31,2024-04-22,2024-04-22,2024-04-09,2022-12-22,2023-04-24,2023-04-24,2022-12-06,2022-12-06,2023-09-13
基本参数,基本仕様,最大功率(kW),最大出力(kW),86,86,86,86,86,86,86,86,90,90,90,90,90,90,106,106,106,106,106,106,106,106,106,106,106,106,106,106,106,106,106,106,106,106,106,106,106,86,86,86,86,86,106,86,86,106,106,106,106,106,106,106,90,90,90,90,90,90,90,90,90,90,90,90,91,91,91,91,106,106,106,91,91,106,106,106,106,106,106,106,106,106,106,106,106,106,106,106,90,91,91,91,106,91,106,106,106,91,106,106,91,106,90
基本参数,基本仕様,最大扭矩(N·m),最大トルク(N·m),160,160,160,160,160,160,160,160,175,175,175,175,175,175,200,200,200,200,200,200,200,200,200,200,200,200,200,200,200,200,200,200,200,200,200,200,200,160,160,160,160,160,200,160,160,200,200,200,200,200,200,200,175,175,175,175,175,175,175,175,175,175,175,175,161,161,161,161,200,200,200,161,161,200,200,200,200,200,200,200,200,200,200,200,200,200,200,200,175,161,161,161,200,161,200,200,200,161,200,200,161,200,175
基本参数,基本仕様,变速箱,トランスミッション,5速マニュアル,5速マニュアル,5速マニュアル,5速マニュアル,5速マニュアル,5速マニュアル,5速マニュアル,5速マニュアル,5速マニュアル,5速マニュアル,5速マニュアル,5速マニュアル,5速マニュアル,5速マニュアル,8速オートマチック,8速オートマチック,5速マニュアル,5速マニュアル,8速オートマチック,8速オートマチック,8速オートマチック,8速オートマチック,8速オートマチック,8速オートマチック,5速マニュアル,5速マニュアル,5速マニュアル,5速マニュアル,5速マニュアル,5速マニュアル,5速マニュアル,8速オートマチック,8速オートマチック,8速オートマチック,8速オートマチック,8速オートマチック,8速オートマチック,5速マニュアル,5速マニュアル,5速マニュアル,5速マニュアル,5速マニュアル,5速マニュアル,5速マニュアル,5速マニュアル,5速マニュアル,5速マニュアル,5速マニュアル,5速マニュアル,5速マニュアル,5速マニュアル,5速マニュアル,5速マニュアル,5速マニュアル,5速マニュアル,5速マニュアル,5速マニュアル,5速マニュアル,5速マニュアル,5速マニュアル,5速マニュアル,5速マニュアル,5速マニュアル,5速マニュアル,5速マニュアル,5速マニュアル,5速マニュアル,5速マニュアル,5速マニュアル,5速マニュアル,5速マニュアル,5速マニュアル,5速マニュアル,5速マニュアル,5速マニュアル,5速マニュアル,5速マニュアル,5速マニュアル,5速マニュアル,8速オートマチック,8速オートマチック,8速オートマチック,8速オートマチック,8速オートマチック,8速オートマチック,8速オートマチック,8速オートマチック,8速オートマチック,5速マニュアル,5速マニュアル,5速マニュアル,5速マニュアル,5速マニュアル,5速マニュアル,8速オートマチック,8速オートマチック,8速オートマチック,5速マニュアル,5速マニュアル,5速マニュアル,5速マニュアル,5速マニュアル,5速マニュアル
基本参数,基本仕様,车身结构,ボディ構造,4ドア5人乗りMPV,4ドア7人乗りMPV,4ドア7人乗りMPV,4ドア7人乗りMPV,4ドア8人乗りMPV,4ドア5人乗りMPV,4ドア7人乗りMPV,4ドア7人乗りMPV,4ドア7人乗りMPV,4ドア7人乗りMPV,4ドア9人乗りMPV,4ドア7人乗りMPV,4ドア8人乗りMPV,4ドア9人乗りMPV,4ドア7人乗りMPV,4ドア9人乗りMPV,4ドア5人乗りMPV,4ドア5人乗りMPV,4ドア7人乗りMPV,4ドア9人乗りMPV,4ドア7人乗りMPV,4ドア9人乗りMPV,4ドア7人乗りMPV,4ドア9人乗りMPV,4ドア2人乗り貨物車,4ドア7人乗りMPV,4ドア7人乗りMPV,4ドア9人乗りMPV,4ドア7人乗りMPV,4ドア8人乗りMPV,4ドア9人乗りMPV,4ドア7人乗りMPV,4ドア9人乗りMPV,4ドア7人乗りMPV,4ドア9人乗りMPV,4ドア7人乗りMPV,4ドア9人乗りMPV,4ドア5人乗りMPV,4ドア7人乗りMPV,4ドア7人乗りMPV,4ドア7人乗りMPV,4ドア8人乗りMPV,4ドア7人乗りMPV,4ドア5人乗りMPV,4ドア7人乗りMPV,4ドア2人乗り貨物車,4ドア7人乗りMPV,4ドア7人乗りMPV,4ドア9人乗りMPV,4ドア7人乗りMPV,4ドア8人乗りMPV,4ドア9人乗りMPV,4ドア2人乗り貨物車,4ドア6人乗りMPV,4ドア7人乗りMPV,4ドア7人乗りMPV,4ドア9人乗りMPV,4ドア7人乗りMPV,4ドア8人乗りMPV,4ドア9人乗りMPV,4ドア7人乗りMPV,4ドア9人乗りMPV,4ドア7人乗りMPV,4ドア9人乗りMPV,4ドア5人乗りMPV,4ドア7人乗りMPV,4ドア7人乗りMPV,4ドア8人乗りMPV,4ドア7人乗りMPV,4ドア7人乗りMPV,4ドア8人乗りMPV,4ドア5人乗りMPV,4ドア6/7人乗りMPV,4ドア2人乗り貨物車,4ドア6/7人乗りMPV,4ドア7人乗りMPV,4ドア9人乗りMPV,4ドア7人乗りMPV,4ドア8/9人乗りMPV,4ドア7人乗りMPV,4ドア9人乗りMPV,4ドア7人乗りMPV,4ドア9人乗りMPV,4ドア7人乗りMPV,4ドア9人乗りMPV,4ドア7人乗りMPV,4ドア9人乗りMPV,4ドア7人乗りMPV,4ドア7人乗りMPV,4ドア6人乗りMPV,4ドア7人乗りMPV,4ドア9人乗りMPV,4ドア7人乗りMPV,4ドア9人乗りMPV,4ドア7人乗りMPV,4ドア9人乗りMPV,4ドア7人乗りMPV,4ドア7人乗りMPV,4ドア7人乗りMPV,4ドア9人乗りMPV,4ドア7人乗りMPV,4ドア7人乗りMPV,4ドア9人乗りMPV
基本参数,基本仕様,发动机,エンジン,1.6L 117馬力 L4,1.6L 117馬力 L4,1.6L 117馬力 L4,1.6L 117馬力 L4,1.6L 117馬力 L4,1.6L 117馬力 L4,1.6L 117馬力 L4,1.6L 117馬力 L4,2.0L 122馬力 L4,2.0L 122馬力 L4,2.0L 122馬力 L4,2.0L 122馬力 L4,2.0L 122馬力 L4,2.0L 122馬力 L4,2.0L 144馬力 L4,2.0L 144馬力 L4,2.0L 144馬力 L4,2.0L 144馬力 L4,2.0L 144馬力 L4,2.0L 144馬力 L4,2.0L 144馬力 L4,2.0L 144馬力 L4,2.0L 144馬力 L4,2.0L 144馬力 L4,2.0L 144馬力 L4,2.0L 144馬力 L4,2.0L 144馬力 L4,2.0L 144馬力 L4,2.0L 144馬力 L4,2.0L 144馬力 L4,2.0L 144馬力 L4,2.0L 144馬力 L4,2.0L 144馬力 L4,2.0L 144馬力 L4,2.0L 144馬力 L4,2.0L 144馬力 L4,2.0L 144馬力 L4,1.6L 117馬力 L4,1.6L 117馬力 L4,1.6L 117馬力 L4,1.6L 117馬力 L4,1.6L 117馬力 L4,2.0L 144馬力 L4,1.6L 117馬力 L4,1.6L 117馬力 L4,2.0L 144馬力 L4,2.0L 144馬力 L4,2.0L 144馬力 L4,2.0L 144馬力 L4,2.0L 144馬力 L4,2.0L 144馬力 L4,2.0L 144馬力 L4,2.0L 122馬力 L4,2.0L 122馬力 L4,2.0L 122馬力 L4,2.0L 122馬力 L4,2.0L 122馬力 L4,2.0L 122馬力 L4,2.0L 122馬力 L4,2.0L 122馬力 L4,2.0L 122馬力 L4,2.0L 122馬力 L4,2.0L 122馬力 L4,2.0L 122馬力 L4,1.6L 124馬力 L4,1.6L 124馬力 L4,1.6L 124馬力 L4,1.6L 124馬力 L4,2.0L 144馬力 L4,2.0L 144馬力 L4,2.0L 144馬力 L4,1.6L 124馬力 L4,1.6L 124馬力 L4,2.0L 144馬力 L4,2.0L 144馬力 L4,2.0L 144馬力 L4,2.0L 144馬力 L4,2.0L 144馬力 L4,2.0L 144馬力 L4,2.0L 144馬力 L4,2.0L 144馬力 L4,2.0L 144馬力 L4,2.0L 144馬力 L4,2.0L 144馬力 L4,2.0L 144馬力 L4,2.0L 144馬力 L4,2.0L 144馬力 L4,2.0L 144馬力 L4,2.0L 122馬力 L4,1.6L 124馬力 L4,1.6L 124馬力 L4,1.6L 124馬力 L4,2.0L 144馬力 L4,1.6L 124馬力 L4,2.0L 144馬力 L4,2.0L 144馬力 L4,2.0L 144馬力 L4,1.6L 124馬力 L4,2.0L 144馬力 L4,2.0L 144馬力 L4,1.6L 124馬力 L4,2.0L 144馬力 L4,2.0L 122馬力 L4
基本参数,基本仕様,长*宽*高(mm),全長×全幅×全高(mm),4880*1870*1950,4880*1870*1950,4880*1870*1950,4880*1870*1950,4880*1870*1950,5240*1870*1950,5240*1870*1950,4880*1870*1950,5240*1870*1950,5240*1870*1950,5240*1870*1950,5240*1870*1950,5240*1870*1950,5240*1870*1950,5240*1870*1950,5240*1870*1950,5240*1870*1950,5240*1870*1950,5240*1870*1950,5240*1870*1950,5240*1870*1950,5240*1870*1950,5240*1870*1950,5240*1870*1950,5240*1870*1950,5240*1870*1950,5240*1870*1950,5240*1870*1950,5240*1870*1950,5240*1870*1950,5240*1870*1950,5240*1870*1950,5240*1870*1950,5240*1870*1950,5240*1870*1950,5240*1870*1950,5240*1870*1950,4880*1870*1950,4880*1870*1950,4880*1870*1950,4880*1870*1950,4880*1870*1950,4880*1870*1950,5240*1870*1950,5240*1870*1950,5240*1870*1950,5240*1870*1950,5240*1870*1950,5240*1870*1950,5240*1870*1950,5240*1870*1950,5240*1870*1950,5240*1870*1950,5240*1870*1950,5240*1870*1950,5240*1870*1950,5240*1870*1950,5240*1870*1950,5240*1870*1950,5240*1870*1950,5240*1870*1950,5240*1870*1950,5240*1870*1950,5240*1870*1950,4880*1870*1950,4880*1870*1950,4880*1870*1950,4880*1870*1950,4880*1870*1950,4880*1870*1950,4880*1870*1950,5240*1870*1950,5240*1870*1950,5240*1870*1950,5240*1870*1950,5240*1870*1950,5240*1870*1950,5240*1870*1950,5240*1870*1950,5240*1870*1950,5240*1870*1950,5240*1870*1950,5240*1870*1950,5240*1870*1950,5240*1870*1950,5240*1870*1950,5240*1870*1950,5240*1870*1950,5240*1870*1950,5240*1870*1950,5240*1870*1950,5240*1870*1950,5240*1870*1950,5240*1870*1950,5240*1870*1950,5240*1870*1950,5240*1870*1950,4880*1870*1950,5240*1870*1950,5240*1870*1950,5240*1870*1950,5240*1870*1950,5240*1870*1950
基本参数,基本仕様,官方0-100km/h加速(s),公式0-100km/h加速(s),-,-,-,-,-,-,-,-,-,-,-,-,-,-,-,-,-,-,-,-,-,-,-,-,-,-,-,-,-,-,-,-,-,-,-,-,-,-,-,-,-,-,-,-,-,-,-,-,-,-,-,-,-,-,-,-,-,-,-,-,-,-,-,-,-,-,-,-,14.1,-,-,-,-,-,-,-,-,-,-,-,-,-,-,-,-,-,-,-,-,-,-,-,-,-,-,-,-,-,-,-,-,-,-
基本参数,基本仕様,最高车速(km/h),最高速度(km/h),140,140,140,100,100,140,140,140,140,140,140,100,100,100,140,140,140,140,140,140,140,140,100,100,140,140,140,140,100,100,100,140,140,140,140,100,100,140,140,140,100,100,140,140,140,140,140,140,140,100,100,100,140,140,140,140,140,100,100,100,100,100,100,100,140,140,100,100,140,100,100,140,140,140,140,140,140,100,100,140,140,140,140,100,100,100,100,140,100,140,140,140,140,100,140,140,160,140,140,140,140,140,100
基本参数,基本仕様,WLTC综合油耗(L/100km),WLTC総合燃費(L/100km),-,-,-,-,-,-,-,-,-,-,-,-,-,-,-,-,-,-,-,-,-,-,-,-,-,-,-,-,-,-,-,-,-,-,-,-,-,-,-,-,-,-,-,-,-,-,-,-,-,-,-,-,-,-,-,-,-,-,-,-,-,-,-,-,-,-,-,-,-,-,-,-,-,-,-,-,-,-,-,-,-,-,-,9.4,9.4,-,-,-,-,7.5,7.5,9.3,9.4,9.3,9.4,9.4,-,7.5,9.4,9.4,9.3,9.4,-
基本参数,基本仕様,整车质保,車両保証,● 5年または10万km,● 5年または10万km,● 5年または10万km,● 5年または10万km,● 5年または10万km,● 5年または10万km,● 5年または10万km,● 5年または10万km,● 5年または10万km,● 5年または10万km,● 5年または10万km,● 5年または10万km,● 5年または10万km,● 5年または10万km,● 5年または10万km,● 5年または10万km,● 5年または10万km,● 5年または10万km,● 5年または10万km,● 5年または10万km,● 5年または10万km,● 5年または10万km,● 5年または10万km,● 5年または10万km,● 5年または10万km,● 5年または10万km,● 5年または10万km,● 5年または10万km,● 5年または10万km,● 5年または10万km,● 5年または10万km,● 5年または10万km,● 5年または10万km,● 5年または10万km,● 5年または10万km,● 5年または10万km,● 5年または10万km,● 5年または10万km,● 5年または10万km,● 5年または10万km,● 5年または10万km,● 5年または10万km,● 5年または10万km,● 5年または10万km,● 5年または10万km,● 5年または10万km,● 5年または10万km,● 5年または10万km,● 5年または10万km,● 5年または10万km,● 5年または10万km,● 5年または10万km,● 5年または10万km,● 5年または10万km,● 5年または10万km,● 5年または10万km,● 5年または10万km,● 5年または10万km,● 5年または10万km,● 5年または10万km,● 5年または10万km,● 5年または10万km,● 5年または10万km,● 5年または10万km,● 5年または10万km,● 5年または10万km,● 5年または10万km,● 5年または10万km,● 5年または10万km,● 5年または10万km,● 5年または10万km,● 5年または10万km,● 5年または10万km,● 5年または10万km,● 5年または10万km,● 5年または10万km,● 5年または10万km,● 5年または10万km,● 5年または10万km,● 5年または10万km,● 5年または10万km,● 5年または10万km,● 5年または10万km,● 5年または10万km,● 5年または10万km,● 5年または10万km,● 5年または10万km,● 5年または10万km,● 5年または10万km,● 3年または6万km,● 3年または6万km,● 3年または6万km,● 3年または6万km,● 3年または6万km,● 3年または6万km,● 3年または6万km,● 3年または6万km,● 3年または6万km,● 3年または6万km,● 3年または6万km,● 3年または6万km,● 3年または6万km,● 3年または6万km
基本参数,基本仕様,整备质量(kg),車両重量(kg),1480,1520,1520,1555,1555,1525,1605,1520,1890,1890,1890,1910,1910,1910,1740,1740,1910,1910,1740,1740,1740,1740,1740,1740,1520,1640,1700,1700,1710,1710,1710,1740,1740,1740,1740,1740,1740,1480,1520,1520,1555,1555,1605,1525,1605,1520,1640,1700,1700,1710,1710,1710,1745,1890,1890,1890,1890,1910,1910,1910,1910,1910,1980,1980,-,-,-,-,-,-,-,-,-,-,-,-,-,-,-,-,-,-,-,1700,1700,-,-,1740,1980,1575,1520,1605,1640,1630,1700,1700,1740,1520,1700,1700,1605,1640,1910
基本参数,基本仕様,最大满载质量(kg),最大積載質量(kg),1855,2160,2160,2060,2060,1900,2315,2160,2415,2415,2415,2585,2585,2585,2430,2430,2505,2505,2430,2430,2430,2430,2430,2430,2390,2390,2390,2390,2390,2390,2390,2430,2430,2430,2430,2430,2430,1855,2160,2160,2060,2060,2215,1900,2315,2390,2390,2390,2390,2390,2390,2390,2655,2415,2415,2415,2415,2585,2585,2585,2585,2585,2655,2655,-,-,-,-,-,-,-,-,-,-,-,-,-,-,-,-,-,-,-,2390,2390,-,-,2430,2655,2315,2160,2315,2390,2315,2390,2390,2430,2160,2390,2390,2315,2390,2585
车身,車体,长度(mm),全長(mm),4880,4880,4880,4880,4880,5240,5240,4880,5240,5240,5240,5240,5240,5240,5240,5240,5240,5240,5240,5240,5240,5240,5240,5240,5240,5240,5240,5240,5240,5240,5240,5240,5240,5240,5240,5240,5240,4880,4880,4880,4880,4880,4880,5240,5240,5240,5240,5240,5240,5240,5240,5240,5240,5240,5240,5240,5240,5240,5240,5240,5240,5240,5240,5240,4880,4880,4880,4880,4880,4880,4880,5240,5240,5240,5240,5240,5240,5240,5240,5240,5240,5240,5240,5240,5240,5240,5240,5240,5240,5240,5240,5240,5240,5240,5240,5240,5240,4880,5240,5240,5240,5240,5240
车身,車体,宽度(mm),全幅(mm),1870,1870,1870,1870,1870,1870,1870,1870,1870,1870,1870,1870,1870,1870,1870,1870,1870,1870,1870,1870,1870,1870,1870,1870,1870,1870,1870,1870,1870,1870,1870,1870,1870,1870,1870,1870,1870,1870,1870,1870,1870,1870,1870,1870,1870,1870,1870,1870,1870,1870,1870,1870,1870,1870,1870,1870,1870,1870,1870,1870,1870,1870,1870,1870,1870,1870,1870,1870,1870,1870,1870,1870,1870,1870,1870,1870,1870,1870,1870,1870,1870,1870,1870,1870,1870,1870,1870,1870,1870,1870,1870,1870,1870,1870,1870,1870,1870,1870,1870,1870,1870,1870,1870
车身,車体,高度(mm),全高(mm),1950,1950,1950,1950,1950,1950,1950,1950,1950,1950,1950,1950,1950,1950,1950,1950,1950,1950,1950,1950,1950,1950,1950,1950,1950,1950,1950,1950,1950,1950,1950,1950,1950,1950,1950,1950,1950,1950,1950,1950,1950,1950,1950,1950,1950,1950,1950,1950,1950,1950,1950,1950,1950,1950,1950,1950,1950,1950,1950,1950,1950,1950,1950,1950,1950,1950,1950,1950,1950,1950,1950,1950,1950,1950,1950,1950,1950,1950,1950,1950,1950,1950,1950,1950,1950,1950,1950,1950,1950,1950,1950,1950,1950,1950,1950,1950,1950,1950,1950,1950,1950,1950,1950
车身,車体,轴距(mm),ホイールベース(mm),2880,2880,2880,2880,2880,3200,3200,2880,3200,3200,3200,3200,3200,3200,3200,3200,3200,3200,3200,3200,3200,3200,3200,3200,3200,3200,3200,3200,3200,3200,3200,3200,3200,3200,3200,3200,3200,2880,2880,2880,2880,2880,2880,3200,3200,3200,3200,3200,3200,3200,3200,3200,3200,3200,3200,3200,3200,3200,3200,3200,3200,3200,3200,3200,2880,2880,2880,2880,2880,2880,2880,3200,3200,3200,3200,3200,3200,3200,3200,3200,3200,3200,3200,3200,3200,3200,3200,3200,3200,3200,2880,3200,3200,3200,3200,3200,3200,2880,3200,3200,3200,3200,3200
车身,車体,前轮距(mm),前トレッド(mm),1610,1610,1610,1610,1610,1610,1610,1610,1610,1610,1610,1610,1610,1610,1610,1610,1610,1610,1610,1610,1610,1610,1610,1610,1610,1610,1610,1610,1610,1610,1610,1610,1610,1610,1610,1610,1610,1610,1610,1610,1610,1610,1610,1610,1610,1610,1610,1610,1610,1610,1610,1610,1610,1610,1610,1610,1610,1610,1610,1610,1610,1610,1610,1610,1610,1610,1610,1610,1610,1610,1610,1610,1610,1610,1610,1610,1610,1610,1610,1610,1610,1610,1610,1610,1610,1610,1610,1610,1610,1610,1610,1610,1610,1610,1610,1610,1610,1610,1610,1610,1610,1610,1610
车身,車体,后轮距(mm),後トレッド(mm),1610,1610,1610,1610,1610,1610,1610,1610,1610,1610,1610,1610,1610,1610,1610,1610,1610,1610,1610,1610,1610,1610,1610,1610,1610,1610,1610,1610,1610,1610,1610,1610,1610,1610,1610,1610,1610,1610,1610,1610,1610,1610,1610,1610,1610,1610,1610,1610,1610,1610,1610,1610,1610,1610,1610,1610,1610,1610,1610,1610,1610,1610,1610,1610,1610,1610,1610,1610,1610,1610,1610,1610,1610,1610,1610,1610,1610,1610,1610,1610,1610,1610,1610,1610,1610,1610,1610,1610,1610,1610,1610,1610,1610,1610,1610,1610,1610,1610,1610,1610,1610,1610,1610
车身,車体,接近角(°),アプローチアングル(°),21,21,21,21,21,22,22,21,22,22,22,22,22,22,22,22,22,22,22,22,22,22,22,22,22,22,22,22,22,22,22,22,22,22,22,22,22,21,21,21,21,21,21,22,22,22,22,22,22,22,22,22,-,-,-,-,-,-,-,-,-,-,-,-,-,-,-,-,-,-,-,-,-,-,-,-,-,-,-,-,-,-,-,22,22,-,-,22,-,21,21,22,22,22,22,22,22,21,22,22,22,22,22
车身,車体,离去角(°),デパーチャーアングル(°),20,20,20,20,20,19,19,20,19,19,19,19,19,19,19,19,19,19,19,19,19,19,19,19,19,19,19,19,19,19,19,19,19,19,19,19,19,20,20,20,20,20,20,19,19,19,19,19,19,19,19,19,-,-,-,-,-,-,-,-,-,-,-,-,-,-,-,-,-,-,-,-,-,-,-,-,-,-,-,-,-,-,-,19,19,-,-,19,-,20,20,19,19,19,19,19,19,20,19,19,19,19,19
车身,車体,车身结构,ボディ構造,MPV,MPV,MPV,MPV,MPV,MPV,MPV,MPV,MPV,MPV,MPV,MPV,MPV,MPV,MPV,MPV,MPV,MPV,MPV,MPV,MPV,MPV,MPV,MPV,貨物車,MPV,MPV,MPV,MPV,MPV,MPV,MPV,MPV,MPV,MPV,MPV,MPV,MPV,MPV,MPV,MPV,MPV,MPV,MPV,MPV,貨物車,MPV,MPV,MPV,MPV,MPV,MPV,貨物車,MPV,MPV,MPV,MPV,MPV,MPV,MPV,MPV,MPV,MPV,MPV,MPV,MPV,MPV,MPV,MPV,MPV,MPV,MPV,MPV,貨物車,MPV,MPV,MPV,MPV,MPV,MPV,MPV,MPV,MPV,MPV,MPV,MPV,MPV,MPV,MPV,MPV,MPV,MPV,MPV,MPV,MPV,MPV,MPV,MPV,MPV,MPV,MPV,MPV,MPV
车身,車体,车门开启方式,ドア開閉方式,観音開き+スライドドア,観音開き+スライドドア,観音開き+スライドドア,観音開き+スライドドア,観音開き+スライドドア,観音開き+スライドドア,観音開き+スライドドア,観音開き+スライドドア,観音開き+スライドドア,観音開き+スライドドア,観音開き+スライドドア,観音開き+スライドドア,観音開き+スライドドア,観音開き+スライドドア,観音開き+スライドドア,観音開き+スライドドア,観音開き+スライドドア,観音開き+スライドドア,観音開き+スライドドア,観音開き+スライドドア,観音開き+スライドドア,観音開き+スライドドア,観音開き+スライドドア,観音開き+スライドドア,観音開き+スライドドア,観音開き+スライドドア,観音開き+スライドドア,観音開き+スライドドア,観音開き+スライドドア,観音開き+スライドドア,観音開き+スライドドア,観音開き+スライドドア,観音開き+スライドドア,観音開き+スライドドア,観音開き+スライドドア,観音開き+スライドドア,観音開き+スライドドア,観音開き+スライドドア,観音開き+スライドドア,観音開き+スライドドア,観音開き+スライドドア,観音開き+スライドドア,観音開き+スライドドア,観音開き+スライドドア,観音開き+スライドドア,観音開き+スライドドア,観音開き+スライドドア,観音開き+スライドドア,観音開き+スライドドア,観音開き+スライドドア,観音開き+スライドドア,観音開き+スライドドア,観音開き+スライドドア,観音開き+スライドドア,観音開き+スライドドア,観音開き+スライドドア,観音開き+スライドドア,観音開き+スライドドア,観音開き+スライドドア,観音開き+スライドドア,観音開き+スライドドア,観音開き+スライドドア,観音開き+スライドドア,観音開き+スライドドア,観音開き+スライドドア,観音開き+スライドドア,観音開き+スライドドア,観音開き+スライドドア,観音開き+スライドドア,観音開き+スライドドア,観音開き+スライドドア,観音開き+スライドドア,観音開き+スライドドア,観音開き+スライドドア,観音開き+スライドドア,観音開き+スライドドア,観音開き+スライドドア,観音開き+スライドドア,観音開き+スライドドア,観音開き+スライドドア,観音開き+スライドドア,観音開き+スライドドア,観音開き+スライドドア,観音開き+スライドドア,観音開き+スライドドア,観音開き+スライドドア,観音開き+スライドドア,観音開き+スライドドア,観音開き+スライドドア,観音開き+スライドドア,観音開き+スライドドア,観音開き+スライドドア,観音開き+スライドドア,観音開き+スライドドア,観音開き+スライドドア,観音開き+スライドドア,観音開き+スライドドア,観音開き+スライドドア,観音開き+スライドドア,観音開き+スライドドア,観音開き+スライドドア,観音開き+スライドドア,観音開き+スライドドア
车身,車体,车门数(个),ドア数(枚),● 4,● 4,● 4,● 4,● 4,● 4,● 4,● 4,● 4,● 4,● 4,● 4,● 4,● 4,● 4,● 4,● 4,● 4,● 4,● 4,● 4,● 4,● 4,● 4,● 4,● 4,● 4,● 4,● 4,● 4,● 4,● 4,● 4,● 4,● 4,● 4,● 4,● 4,● 4,● 4,● 4,● 4,● 4,● 4,● 4,● 4,● 4,● 4,● 4,● 4,● 4,● 4,● 4,● 4,● 4,● 4,● 4,● 4,● 4,● 4,● 4,● 4,● 4,● 4,● 4,● 4,● 4,● 4,● 4,● 4,● 4,● 4,● 4,● 4,● 4,● 4,● 4,● 4,● 4,● 4,● 4,● 4,● 4,● 4,● 4,● 4,● 4,● 4,● 4,● 4,● 4,● 4,● 4,● 4,● 4,● 4,● 4,● 4,● 4,● 4,● 4,● 4,● 4
车身,車体,座位数(个),乗車定員(名),● 5,● 7,● 7,● 7,● 8,● 5,● 7,● 7,● 7,● 7,● 9,● 7,● 8,● 9,● 7,● 9,● 5,● 5,● 7,● 9,● 7,● 9,● 7,● 9,● 2,● 7,● 7,● 9,● 7,● 8,● 9,● 7,● 9,● 7,● 9,● 7,● 9,● 5,● 7,● 7,● 7,● 8,● 7,● 5,● 7,● 2,● 7,● 7,● 9,● 7,● 8,● 9,● 2,● 6,● 7,● 7,● 9,● 7,● 8,● 9,● 7,● 9,● 7,● 9,● 5,● 7,● 7,● 8,● 7,● 7,● 8,● 5,● 6/7,● 2,● 6/7,● 7,● 9,● 7,● 8/9,● 7,● 9,● 7,● 9,● 7,● 9,● 7,● 9,● 7,● 7,● 6,● 7,● 9,● 7,● 9,● 7,● 9,● 7,● 7,● 7,● 9,● 7,● 7,● 9
车身,車体,油箱容积(L),燃料タンク容量(L),58,58,58,58,58,58,58,58,15,15,15,15,15,15,58,58,58,58,58,58,58,58,58,58,58,58,58,58,58,58,58,58,58,58,58,58,58,58,58,58,58,58,58,58,58,58,58,58,58,58,58,58,15,15,15,15,15,15,15,15,15,15,15,15,58,58,58,58,58,58,58,58,58,58,58,58,58,15,58,58,58,58,58,58,58,58,58,58,15,58,58,58,58,58,58,58,58,58,58,58,58,58,15
车身,車体,气罐容积(L),エアタンク容量(L),-,-,-,-,-,-,-,-,180,180,180,180,180,180,-,-,-,-,-,-,-,-,-,-,-,-,-,-,-,-,-,-,-,-,-,-,-,-,-,-,-,-,-,-,-,-,-,-,-,-,-,-,180,180,180,180,180,180,180,180,180,180,180,180,-,-,-,-,-,-,-,-,-,-,-,-,-,-,-,-,-,-,-,-,-,-,-,-,180,-,-,-,-,-,-,-,-,-,-,-,-,-,180
车身,車体,后备厢容积(L),トランク容量(L),-,-,-,-,-,-,-,-,-,-,-,-,-,-,-,-,-,-,-,-,-,-,-,-,-,-,-,-,-,-,-,-,-,-,-,-,-,-,-,-,-,-,-,-,-,-,-,-,-,-,-,-,-,-,-,-,-,-,-,-,-,-,-,-,-,-,-,-,-,-,-,-,-,-,-,-,-,-,-,-,-,-,-,-,-,-,-,-,-,-,-,-,-,-,-,-,-,-,-,-,-,-,-
车身,車体,风阻系数(Cd),空気抵抗係数(Cd),-,-,-,-,-,-,-,-,-,-,-,-,-,-,-,-,-,-,-,-,-,-,-,-,-,-,-,-,-,-,-,-,-,-,-,-,-,-,-,-,-,-,-,-,-,-,-,-,-,-,-,-,-,-,-,-,-,-,-,-,-,-,-,-,-,-,-,-,-,-,-,-,-,-,-,-,-,-,-,-,-,-,-,-,-,-,-,-,-,-,-,-,-,-,-,-,-,-,-,-,-,-,-
发动机,エンジン,发动机型号,エンジン型式,LQ475QMC,LQ475QMC,LQ475QMC,LQ475QMC,LQ475QMC,LQ475QMB,LQ475QMB,LQ475QMC,LQ481QSF,LQ481QSF,LQ481QSF,LQ481QSF,LQ481QSF,LQ481QSF,LQ481QFB,LQ481QFB,LQ481QFB,LQ481QFB,LQ481QFB,LQ481QFB,LQ481QFB,LQ481QFB,LQ481QFB,LQ481QFB,LQ481QFB,LQ481QFB,LQ481QFB,LQ481QFB,LQ481QFB,LQ481QFB,LQ481QFB,LQ481QFB,LQ481QFB,LQ481QFB,LQ481QFB,LQ481QFB,LQ481QFB,LQ475QMC,LQ475QMC,LQ475QMC,LQ475QMC,LQ475QMC,LQ481QFB,LQ475QMB,LQ475QMB,LQ481QFB,LQ481QFB,LQ481QFB,LQ481QFB,LQ481QFB,LQ481QFB,LQ481QFB,LQ481QSF,LQ481QSF,LQ481QSF,LQ481QSF,LQ481QSF,LQ481QSF,LQ481QSF,LQ481QSF,LQ481QSF,LQ481QSF,LQ481QSF,LQ481QSF,LQ475QMC,LQ475QMC,LQ475QMC,LQ475QMC,LQ481QFB,LQ481QFB,LQ481QFB,LQ475QMC,LQ475QMB,LQ481QFB,LQ481QFB,LQ481QFB,LQ481QFB,LQ481QFB,LQ481QFB,LQ481QFB,LQ481QFB,LQ481QFB,LQ481QFB,LQ481QFB,LQ481QFB,LQ481QFB,LQ481QFB,LQ481QFB,LQ481QSF,LQ475QMB,LQ475QMC,LQ475QMB,LQ481QFB,LQ475QMB,LQ481QFB,LQ481QFB,LQ481QFB,LQ475QMC,LQ481QFB,LQ481QFB,LQ475QMB,LQ481QFB,LQ481QSF
发动机,エンジン,排量(mL),排気量(mL),1590,1590,1590,1590,1590,1590,1590,1590,1962,1962,1962,1962,1962,1962,1962,1962,1962,1962,1962,1962,1962,1962,1962,1962,1962,1962,1962,1962,1962,1962,1962,1962,1962,1962,1962,1962,1962,1590,1590,1590,1590,1590,1962,1590,1590,1962,1962,1962,1962,1962,1962,1962,1962,1962,1962,1962,1962,1962,1962,1962,1962,1962,1962,1962,1590,1590,1590,1590,1962,1962,1962,1590,1590,1962,1962,1962,1962,1962,1962,1962,1962,1962,1962,1962,1962,1962,1962,1962,1962,1590,1590,1590,1962,1590,1962,1962,1962,1590,1962,1962,1590,1962,1962
发动机,エンジン,排量(L),排気量(L),1.6,1.6,1.6,1.6,1.6,1.6,1.6,1.6,2.0,2.0,2.0,2.0,2.0,2.0,2.0,2.0,2.0,2.0,2.0,2.0,2.0,2.0,2.0,2.0,2.0,2.0,2.0,2.0,2.0,2.0,2.0,2.0,2.0,2.0,2.0,2.0,2.0,1.6,1.6,1.6,1.6,1.6,2.0,1.6,1.6,2.0,2.0,2.0,2.0,2.0,2.0,2.0,2.0,2.0,2.0,2.0,2.0,2.0,2.0,2.0,2.0,2.0,2.0,2.0,1.6,1.6,1.6,1.6,2.0,2.0,2.0,1.6,1.6,2.0,2.0,2.0,2.0,2.0,2.0,2.0,2.0,2.0,2.0,2.0,2.0,2.0,2.0,2.0,2.0,1.6,1.6,1.6,2.0,1.6,2.0,2.0,2.0,1.6,2.0,2.0,1.6,2.0,2.0
发动机,エンジン,进气形式,過給形式,自然吸気,自然吸気,自然吸気,自然吸気,自然吸気,自然吸気,自然吸気,自然吸気,自然吸気,自然吸気,自然吸気,自然吸気,自然吸気,自然吸気,自然吸気,自然吸気,自然吸気,自然吸気,自然吸気,自然吸気,自然吸気,自然吸気,自然吸気,自然吸気,自然吸気,自然吸気,自然吸気,自然吸気,自然吸気,自然吸気,自然吸気,自然吸気,自然吸気,自然吸気,自然吸気,自然吸気,自然吸気,自然吸気,自然吸気,自然吸気,自然吸気,自然吸気,自然吸気,自然吸気,自然吸気,自然吸気,自然吸気,自然吸気,自然吸気,自然吸気,自然吸気,自然吸気,自然吸気,自然吸気,自然吸気,自然吸気,自然吸気,自然吸気,自然吸気,自然吸気,自然吸気,自然吸気,自然吸気,自然吸気,自然吸気,自然吸気,自然吸気,自然吸気,自然吸気,自然吸気,自然吸気,自然吸気,自然吸気,自然吸気,自然吸気,自然吸気,自然吸気,自然吸気,自然吸気,自然吸気,自然吸気,自然吸気,自然吸気,自然吸気,自然吸気,自然吸気,自然吸気,自然吸気,自然吸気,自然吸気,自然吸気,自然吸気,自然吸気,自然吸気,自然吸気,自然吸気,自然吸気,自然吸気,自然吸気,自然吸気,自然吸気,自然吸気,自然吸気
发动机,エンジン,发动机布局,エンジン配置,縦置き,縦置き,縦置き,縦置き,縦置き,縦置き,縦置き,縦置き,縦置き,縦置き,縦置き,縦置き,縦置き,縦置き,縦置き,縦置き,縦置き,縦置き,縦置き,縦置き,縦置き,縦置き,縦置き,縦置き,縦置き,縦置き,縦置き,縦置き,縦置き,縦置き,縦置き,縦置き,縦置き,縦置き,縦置き,縦置き,縦置き,縦置き,縦置き,縦置き,縦置き,縦置き,縦置き,縦置き,縦置き,縦置き,縦置き,縦置き,縦置き,縦置き,縦置き,縦置き,縦置き,縦置き,縦置き,縦置き,縦置き,縦置き,縦置き,縦置き,縦置き,縦置き,縦置き,縦置き,縦置き,縦置き,縦置き,縦置き,縦置き,縦置き,縦置き,縦置き,縦置き,縦置き,縦置き,縦置き,縦置き,縦置き,縦置き,縦置き,縦置き,縦置き,縦置き,縦置き,縦置き,縦置き,縦置き,縦置き,縦置き,縦置き,縦置き,縦置き,縦置き,縦置き,縦置き,縦置き,縦置き,縦置き,縦置き,縦置き,縦置き,縦置き,縦置き
发动机,エンジン,气缸排列形式,シリンダー配列,L,L,L,L,L,L,L,L,L,L,L,L,L,L,L,L,L,L,L,L,L,L,L,L,L,L,L,L,L,L,L,L,L,L,L,L,L,L,L,L,L,L,L,L,L,L,L,L,L,L,L,L,L,L,L,L,L,L,L,L,L,L,L,L,L,L,L,L,L,L,L,L,L,L,L,L,L,L,L,L,L,L,L,L,L,L,L,L,L,L,L,L,L,L,L,L,L,L,L,L,L,L,L
发动机,エンジン,气缸数(个),シリンダー数(個),4,4,4,4,4,4,4,4,4,4,4,4,4,4,4,4,4,4,4,4,4,4,4,4,4,4,4,4,4,4,4,4,4,4,4,4,4,4,4,4,4,4,4,4,4,4,4,4,4,4,4,4,4,4,4,4,4,4,4,4,4,4,4,4,4,4,4,4,4,4,4,4,4,4,4,4,4,4,4,4,4,4,4,4,4,4,4,4,4,4,4,4,4,4,4,4,4,4,4,4,4,4,4
发动机,エンジン,每缸气门数(个),1気筒あたりバルブ数(個),4,4,4,4,4,4,4,4,4,4,4,4,4,4,4,4,4,4,4,4,4,4,4,4,4,4,4,4,4,4,4,4,4,4,4,4,4,4,4,4,4,4,4,4,4,4,4,4,4,4,4,4,4,4,4,4,4,4,4,4,4,4,4,4,4,4,4,4,4,4,4,4,4,4,4,4,4,4,4,4,4,4,4,4,4,4,4,4,4,4,4,4,4,4,4,4,4,4,4,4,4,4,4
发动机,エンジン,压缩比,圧縮比,-,-,-,-,-,-,-,-,-,-,-,-,-,-,-,-,-,-,-,-,-,-,-,-,-,-,-,-,-,-,-,-,-,-,-,-,-,-,-,-,-,-,-,-,-,-,-,-,-,-,-,-,-,-,-,-,-,-,-,-,-,-,-,-,-,-,-,-,-,-,-,-,-,-,-,-,-,-,-,-,-,-,-,-,-,-,-,-,-,-,-,-,-,-,-,-,-,-,-,-,-,-,10.51
发动机,エンジン,配气机构,バルブ機構,DOHC,DOHC,DOHC,DOHC,DOHC,DOHC,DOHC,DOHC,DOHC,DOHC,DOHC,DOHC,DOHC,DOHC,DOHC,DOHC,DOHC,DOHC,DOHC,DOHC,DOHC,DOHC,DOHC,DOHC,DOHC,DOHC,DOHC,DOHC,DOHC,DOHC,DOHC,DOHC,DOHC,DOHC,DOHC,DOHC,DOHC,DOHC,DOHC,DOHC,DOHC,DOHC,DOHC,DOHC,DOHC,DOHC,DOHC,DOHC,DOHC,DOHC,DOHC,DOHC,DOHC,DOHC,DOHC,DOHC,DOHC,DOHC,DOHC,DOHC,DOHC,DOHC,DOHC,DOHC,DOHC,DOHC,DOHC,DOHC,DOHC,DOHC,DOHC,DOHC,DOHC,DOHC,DOHC,DOHC,DOHC,DOHC,DOHC,DOHC,DOHC,DOHC,DOHC,DOHC,DOHC,DOHC,DOHC,DOHC,DOHC,DOHC,DOHC,DOHC,DOHC,DOHC,DOHC,DOHC,DOHC,DOHC,DOHC,DOHC,DOHC,DOHC,DOHC
发动机,エンジン,最大马力(Ps),最高出力(Ps),117,117,117,117,117,117,117,117,122,122,122,122,122,122,144,144,144,144,144,144,144,144,144,144,144,144,144,144,144,144,144,144,144,144,144,144,144,117,117,117,117,117,144,117,117,144,144,144,144,144,144,144,122,122,122,122,122,122,122,122,122,122,122,122,124,124,124,124,144,144,144,124,124,144,144,144,144,144,144,144,144,144,144,144,144,144,144,144,122,124,124,124,144,124,144,144,144,124,144,144,124,144,122
发动机,エンジン,最大功率(kW),最大出力(kW),86,86,86,86,86,86,86,86,90,90,90,90,90,90,106,106,106,106,106,106,106,106,106,106,106,106,106,106,106,106,106,106,106,106,106,106,106,86,86,86,86,86,106,86,86,106,106,106,106,106,106,106,90,90,90,90,90,90,90,90,90,90,90,90,91,91,91,91,106,106,106,91,91,106,106,106,106,106,106,106,106,106,106,106,106,106,106,106,90,91,91,91,106,91,106,106,106,91,106,106,91,106,90
发动机,エンジン,最大功率转速(rpm),最大出力発生回転数(rpm),-,-,-,-,-,-,-,-,-,-,-,-,-,-,-,-,-,-,-,-,-,-,-,-,-,-,-,-,-,-,-,-,-,-,-,-,-,-,-,-,-,-,-,-,-,-,-,-,-,-,-,-,5600,5600,5600,5600,5600,5600,5600,5600,5600,5600,5600,5600,6000,6000,6000,6000,5600,5600,5600,6000,6000,5600,5600,5600,5600,5600,5600,5600,5600,5600,5600,5600,5600,5600,5600,5600,5600,6000,6000,6000,5600,6000,5600,5600,5600,6000,5600,5600,6000,5600,5600
发动机,エンジン,最大扭矩(N·m),最大トルク(N·m),160,160,160,160,160,160,160,160,175,175,175,175,175,175,200,200,200,200,200,200,200,200,200,200,200,200,200,200,200,200,200,200,200,200,200,200,200,160,160,160,160,160,200,160,160,200,200,200,200,200,200,200,175,175,175,175,175,175,175,175,175,175,175,175,161,161,161,161,200,200,200,161,161,200,200,200,200,200,200,200,200,200,200,200,200,200,200,200,175,161,161,161,200,161,200,200,200,161,200,200,161,200,175
发动机,エンジン,最大扭矩转速(rpm),最大トルク発生回転数(rpm),-,-,-,-,-,-,-,-,-,-,-,-,-,-,-,-,-,-,-,-,-,-,-,-,-,-,-,-,-,-,-,-,-,-,-,-,-,-,-,-,-,-,-,-,-,-,-,-,-,-,-,-,3600-4400,3600-4400,3600-4400,3600-4400,3600-4400,3600-4400,3600-4400,3600-4400,3600-4400,3600-4400,3600-4400,3600-4400,3750-4250,3750-4250,3750-4250,3750-4250,3600-4400,3600-4400,3600-4400,3750-4250,3750-4250,3600-4400,3600-4400,3600-4400,3600-4400,3600-4400,3600-4400,3600-4400,3600-4400,3600-4400,3600-4400,3600-4400,3600-4400,3600-4400,3600-4400,3600-4400,3600-4400,3750-4250,3750-4250,3750-4250,3600-4400,3750-4250,3600-4400,3600-4400,3600-4400,3750-4250,3600-4400,3600-4400,3750-4250,3600-4400,3600-4400
发动机,エンジン,最大净功率(kW),最大出力(kW),82,82,82,82,82,82,82,82,85,85,85,85,85,85,98,98,98,98,98,98,98,98,98,98,98,98,98,98,98,98,98,98,98,98,98,98,98,82,82,82,82,82,98,82,82,98,98,98,98,98,98,98,85,85,85,85,85,85,85,85,85,85,85,85,82,82,82,82,98,98,98,82,82,98,98,98,98,98,98,98,98,98,98,98,98,98,98,98,85,82,82,82,98,82,98,98,98,82,98,98,82,98,85
发动机,エンジン,能源类型,エネルギータイプ,ガソリン,ガソリン,ガソリン,ガソリン,ガソリン,ガソリン,ガソリン,ガソリン,ガソリン+CNG,ガソリン+CNG,ガソリン+CNG,ガソリン+CNG,ガソリン+CNG,ガソリン+CNG,ガソリン,ガソリン,ガソリン,ガソリン,ガソリン,ガソリン,ガソリン,ガソリン,ガソリン,ガソリン,ガソリン,ガソリン,ガソリン,ガソリン,ガソリン,ガソリン,ガソリン,ガソリン,ガソリン,ガソリン,ガソリン,ガソリン,ガソリン,ガソリン,ガソリン,ガソリン,ガソリン,ガソリン,ガソリン,ガソリン,ガソリン,ガソリン,ガソリン,ガソリン,ガソリン,ガソリン,ガソリン,ガソリン,ガソリン+CNG,ガソリン+CNG,ガソリン+CNG,ガソリン+CNG,ガソリン+CNG,ガソリン+CNG,ガソリン+CNG,ガソリン+CNG,ガソリン+CNG,ガソリン+CNG,ガソリン+CNG,ガソリン+CNG,ガソリン,ガソリン,ガソリン,ガソリン,ガソリン,ガソリン,ガソリン,ガソリン,ガソリン,ガソリン,ガソリン,ガソリン,ガソリン,ガソリン,ガソリン,ガソリン,ガソリン,ガソリン,ガソリン,ガソリン,ガソリン,ガソリン,ガソリン,ガソリン,ガソリン+CNG,ガソリン,ガソリン,ガソリン,ガソリン,ガソリン,ガソリン,ガソリン,ガソリン,ガソリン,ガソリン,ガソリン,ガソリン,ガソリン,ガソリン+CNG
发动机,エンジン,燃油标号,燃料オクタン価,92オクタン,92オクタン,92オクタン,92オクタン,92オクタン,92オクタン,92オクタン,92オクタン,92オクタン,92オクタン,92オクタン,92オクタン,92オクタン,92オクタン,92オクタン,92オクタン,92オクタン,92オクタン,92オクタン,92オクタン,92オクタン,92オクタン,92オクタン,92オクタン,92オクタン,92オクタン,92オクタン,92オクタン,92オクタン,92オクタン,92オクタン,92オクタン,92オクタン,92オクタン,92オクタン,92オクタン,92オクタン,92オクタン,92オクタン,92オクタン,92オクタン,92オクタン,92オクタン,92オクタン,92オクタン,92オクタン,92オクタン,92オクタン,92オクタン,92オクタン,92オクタン,92オクタン,92オクタン,92オクタン,92オクタン,92オクタン,92オクタン,92オクタン,92オクタン,92オクタン,92オクタン,92オクタン,92オクタン,92オクタン,92オクタン,92オクタン,92オクタン,92オクタン,92オクタン,92オクタン,92オクタン,92オクタン,92オクタン,92オクタン,92オクタン,92オクタン,92オクタン,92オクタン,92オクタン,92オクタン,92オクタン,92オクタン,92オクタン,92オクタン,92オクタン,92オクタン,92オクタン,92オクタン,92オクタン,92オクタン,92オクタン,92オクタン,92オクタン,92オクタン,92オクタン,92オクタン,92オクタン,92オクタン,92オクタン,92オクタン,92オクタン,92オクタン,92オクタン
发动机,エンジン,供油方式,燃料供給方式,マルチポイント燃料噴射,マルチポイント燃料噴射,マルチポイント燃料噴射,マルチポイント燃料噴射,マルチポイント燃料噴射,マルチポイント燃料噴射,マルチポイント燃料噴射,マルチポイント燃料噴射,マルチポイント燃料噴射,マルチポイント燃料噴射,マルチポイント燃料噴射,マルチポイント燃料噴射,マルチポイント燃料噴射,マルチポイント燃料噴射,マルチポイント燃料噴射,マルチポイント燃料噴射,マルチポイント燃料噴射,マルチポイント燃料噴射,マルチポイント燃料噴射,マルチポイント燃料噴射,マルチポイント燃料噴射,マルチポイント燃料噴射,マルチポイント燃料噴射,マルチポイント燃料噴射,マルチポイント燃料噴射,マルチポイント燃料噴射,マルチポイント燃料噴射,マルチポイント燃料噴射,マルチポイント燃料噴射,マルチポイント燃料噴射,マルチポイント燃料噴射,マルチポイント燃料噴射,マルチポイント燃料噴射,マルチポイント燃料噴射,マルチポイント燃料噴射,マルチポイント燃料噴射,マルチポイント燃料噴射,マルチポイント燃料噴射,マルチポイント燃料噴射,マルチポイント燃料噴射,マルチポイント燃料噴射,マルチポイント燃料噴射,マルチポイント燃料噴射,マルチポイント燃料噴射,マルチポイント燃料噴射,マルチポイント燃料噴射,マルチポイント燃料噴射,マルチポイント燃料噴射,マルチポイント燃料噴射,マルチポイント燃料噴射,マルチポイント燃料噴射,マルチポイント燃料噴射,マルチポイント燃料噴射,マルチポイント燃料噴射,マルチポイント燃料噴射,マルチポイント燃料噴射,マルチポイント燃料噴射,マルチポイント燃料噴射,マルチポイント燃料噴射,マルチポイント燃料噴射,マルチポイント燃料噴射,マルチポイント燃料噴射,マルチポイント燃料噴射,マルチポイント燃料噴射,マルチポイント燃料噴射,マルチポイント燃料噴射,マルチポイント燃料噴射,マルチポイント燃料噴射,マルチポイント燃料噴射,マルチポイント燃料噴射,マルチポイント燃料噴射,マルチポイント燃料噴射,マルチポイント燃料噴射,マルチポイント燃料噴射,マルチポイント燃料噴射,マルチポイント燃料噴射,マルチポイント燃料噴射,マルチポイント燃料噴射,マルチポイント燃料噴射,マルチポイント燃料噴射,マルチポイント燃料噴射,マルチポイント燃料噴射,マルチポイント燃料噴射,マルチポイント燃料噴射,マルチポイント燃料噴射,マルチポイント燃料噴射,マルチポイント燃料噴射,マルチポイント燃料噴射,マルチポイント燃料噴射,マルチポイント燃料噴射,マルチポイント燃料噴射,マルチポイント燃料噴射,マルチポイント燃料噴射,マルチポイント燃料噴射,マルチポイント燃料噴射,マルチポイント燃料噴射,マルチポイント燃料噴射,マルチポイント燃料噴射,マルチポイント燃料噴射,マルチポイント燃料噴射,マルチポイント燃料噴射,マルチポイント燃料噴射,マルチポイント燃料噴射
发动机,エンジン,缸盖材料,シリンダーヘッド材質,アルミ合金,アルミ合金,アルミ合金,アルミ合金,アルミ合金,アルミ合金,アルミ合金,アルミ合金,アルミ合金,アルミ合金,アルミ合金,アルミ合金,アルミ合金,アルミ合金,アルミ合金,アルミ合金,アルミ合金,アルミ合金,アルミ合金,アルミ合金,アルミ合金,アルミ合金,アルミ合金,アルミ合金,アルミ合金,アルミ合金,アルミ合金,アルミ合金,アルミ合金,アルミ合金,アルミ合金,アルミ合金,アルミ合金,アルミ合金,アルミ合金,アルミ合金,アルミ合金,アルミ合金,アルミ合金,アルミ合金,アルミ合金,アルミ合金,アルミ合金,アルミ合金,アルミ合金,アルミ合金,アルミ合金,アルミ合金,アルミ合金,アルミ合金,アルミ合金,アルミ合金,アルミ合金,アルミ合金,アルミ合金,アルミ合金,アルミ合金,アルミ合金,アルミ合金,アルミ合金,アルミ合金,アルミ合金,アルミ合金,アルミ合金,アルミ合金,アルミ合金,アルミ合金,アルミ合金,アルミ合金,アルミ合金,アルミ合金,アルミ合金,アルミ合金,アルミ合金,アルミ合金,アルミ合金,アルミ合金,アルミ合金,アルミ合金,アルミ合金,アルミ合金,アルミ合金,アルミ合金,アルミ合金,アルミ合金,アルミ合金,アルミ合金,アルミ合金,アルミ合金,アルミ合金,アルミ合金,アルミ合金,アルミ合金,アルミ合金,アルミ合金,アルミ合金,鋳鉄,アルミ合金,アルミ合金,アルミ合金,アルミ合金,アルミ合金,アルミ合金
发动机,エンジン,缸体材料,シリンダーブロック材質,アルミ合金,アルミ合金,アルミ合金,アルミ合金,アルミ合金,アルミ合金,アルミ合金,アルミ合金,鋳鉄,鋳鉄,鋳鉄,鋳鉄,鋳鉄,鋳鉄,鋳鉄,鋳鉄,鋳鉄,鋳鉄,鋳鉄,鋳鉄,鋳鉄,鋳鉄,鋳鉄,鋳鉄,鋳鉄,鋳鉄,鋳鉄,鋳鉄,鋳鉄,鋳鉄,鋳鉄,鋳鉄,鋳鉄,鋳鉄,鋳鉄,鋳鉄,鋳鉄,アルミ合金,アルミ合金,アルミ合金,アルミ合金,アルミ合金,鋳鉄,アルミ合金,アルミ合金,鋳鉄,鋳鉄,鋳鉄,鋳鉄,鋳鉄,鋳鉄,鋳鉄,鋳鉄,鋳鉄,鋳鉄,鋳鉄,鋳鉄,鋳鉄,鋳鉄,鋳鉄,鋳鉄,鋳鉄,鋳鉄,鋳鉄,アルミ合金,アルミ合金,アルミ合金,アルミ合金,鋳鉄,鋳鉄,鋳鉄,アルミ合金,アルミ合金,鋳鉄,鋳鉄,鋳鉄,鋳鉄,鋳鉄,鋳鉄,鋳鉄,鋳鉄,鋳鉄,鋳鉄,鋳鉄,鋳鉄,鋳鉄,鋳鉄,鋳鉄,鋳鉄,アルミ合金,アルミ合金,アルミ合金,鋳鉄,アルミ合金,鋳鉄,鋳鉄,鋳鉄,アルミ合金,鋳鉄,鋳鉄,アルミ合金,鋳鉄,鋳鉄
发动机,エンジン,环保标准,環境基準,国VI,国VI,国VI,国VI,国VI,国VI,国VI,国VI,国VI,国VI,国VI,国VI,国VI,国VI,国VI,国VI,国VI,国VI,国VI,国VI,国VI,国VI,国VI,国VI,国VI,国VI,国VI,国VI,国VI,国VI,国VI,国VI,国VI,国VI,国VI,国VI,国VI,国VI,国VI,国VI,国VI,国VI,国VI,国VI,国VI,国VI,国VI,国VI,国VI,国VI,国VI,国VI,国VI,国VI,国VI,国VI,国VI,国VI,国VI,国VI,国VI,国VI,国VI,国VI,国VI,国VI,国VI,国VI,国VI,国VI,国VI,国VI,国VI,国VI,国VI,国VI,国VI,国VI,国VI,国VI,国VI,国VI,国VI,国VI,国VI,国VI,国VI,国VI,国VI,国VI,国VI,国VI,国VI,国VI,国VI,国VI,国VI,国VI,国VI,国VI,国VI,国VI,国VI
变速箱,トランスミッション,简称,略称,5速マニュアル,5速マニュアル,5速マニュアル,5速マニュアル,5速マニュアル,5速マニュアル,5速マニュアル,5速マニュアル,5速マニュアル,5速マニュアル,5速マニュアル,5速マニュアル,5速マニュアル,5速マニュアル,8速オートマチック,8速オートマチック,5速マニュアル,5速マニュアル,8速オートマチック,8速オートマチック,8速オートマチック,8速オートマチック,8速オートマチック,8速オートマチック,5速マニュアル,5速マニュアル,5速マニュアル,5速マニュアル,5速マニュアル,5速マニュアル,5速マニュアル,8速オートマチック,8速オートマチック,8速オートマチック,8速オートマチック,8速オートマチック,8速オートマチック,5速マニュアル,5速マニュアル,5速マニュアル,5速マニュアル,5速マニュアル,5速マニュアル,5速マニュアル,5速マニュアル,5速マニュアル,5速マニュアル,5速マニュアル,5速マニュアル,5速マニュアル,5速マニュアル,5速マニュアル,5速マニュアル,5速マニュアル,5速マニュアル,5速マニュアル,5速マニュアル,5速マニュアル,5速マニュアル,5速マニュアル,5速マニュアル,5速マニュアル,5速マニュアル,5速マニュアル,5速マニュアル,5速マニュアル,5速マニュアル,5速マニュアル,5速マニュアル,5速マニュアル,5速マニュアル,5速マニュアル,5速マニュアル,5速マニュアル,5速マニュアル,5速マニュアル,5速マニュアル,5速マニュアル,5速マニュアル,8速オートマチック,8速オートマチック,8速オートマチック,8速オートマチック,8速オートマチック,8速オートマチック,8速オートマチック,8速オートマチック,8速オートマチック,5速マニュアル,5速マニュアル,5速マニュアル,5速マニュアル,5速マニュアル,5速マニュアル,8速オートマチック,8速オートマチック,8速オートマチック,5速マニュアル,5速マニュアル,5速マニュアル,5速マニュアル,5速マニュアル,5速マニュアル
变速箱,トランスミッション,挡位个数,段数,5,5,5,5,5,5,5,5,5,5,5,5,5,5,8,8,5,5,8,8,8,8,8,8,5,5,5,5,5,5,5,8,8,8,8,8,8,5,5,5,5,5,5,5,5,5,5,5,5,5,5,5,5,5,5,5,5,5,5,5,5,5,5,5,5,5,5,5,5,5,5,5,5,5,5,5,5,5,5,8,8,8,8,8,8,8,8,8,5,5,5,5,5,5,8,8,8,5,5,5,5,5,5
变速箱,トランスミッション,变速箱类型,トランスミッション形式,マニュアルトランスミッション(MT),マニュアルトランスミッション(MT),マニュアルトランスミッション(MT),マニュアルトランスミッション(MT),マニュアルトランスミッション(MT),マニュアルトランスミッション(MT),マニュアルトランスミッション(MT),マニュアルトランスミッション(MT),マニュアルトランスミッション(MT),マニュアルトランスミッション(MT),マニュアルトランスミッション(MT),マニュアルトランスミッション(MT),マニュアルトランスミッション(MT),マニュアルトランスミッション(MT),オートマチックトランスミッション(AT),オートマチックトランスミッション(AT),マニュアルトランスミッション(MT),マニュアルトランスミッション(MT),オートマチックトランスミッション(AT),オートマチックトランスミッション(AT),オートマチックトランスミッション(AT),オートマチックトランスミッション(AT),オートマチックトランスミッション(AT),オートマチックトランスミッション(AT),マニュアルトランスミッション(MT),マニュアルトランスミッション(MT),マニュアルトランスミッション(MT),マニュアルトランスミッション(MT),マニュアルトランスミッション(MT),マニュアルトランスミッション(MT),マニュアルトランスミッション(MT),オートマチックトランスミッション(AT),オートマチックトランスミッション(AT),オートマチックトランスミッション(AT),オートマチックトランスミッション(AT),オートマチックトランスミッション(AT),オートマチックトランスミッション(AT),マニュアルトランスミッション(MT),マニュアルトランスミッション(MT),マニュアルトランスミッション(MT),マニュアルトランスミッション(MT),マニュアルトランスミッション(MT),マニュアルトランスミッション(MT),マニュアルトランスミッション(MT),マニュアルトランスミッション(MT),マニュアルトランスミッション(MT),マニュアルトランスミッション(MT),マニュアルトランスミッション(MT),マニュアルトランスミッション(MT),マニュアルトランスミッション(MT),マニュアルトランスミッション(MT),マニュアルトランスミッション(MT),マニュアルトランスミッション(MT),マニュアルトランスミッション(MT),マニュアルトランスミッション(MT),マニュアルトランスミッション(MT),マニュアルトランスミッション(MT),マニュアルトランスミッション(MT),マニュアルトランスミッション(MT),マニュアルトランスミッション(MT),マニュアルトランスミッション(MT),マニュアルトランスミッション(MT),マニュアルトランスミッション(MT),マニュアルトランスミッション(MT),マニュアルトランスミッション(MT),マニュアルトランスミッション(MT),マニュアルトランスミッション(MT),マニュアルトランスミッション(MT),マニュアルトランスミッション(MT),マニュアルトランスミッション(MT),マニュアルトランスミッション(MT),マニュアルトランスミッション(MT),マニュアルトランスミッション(MT),マニュアルトランスミッション(MT),マニュアルトランスミッション(MT),マニュアルトランスミッション(MT),マニュアルトランスミッション(MT),マニュアルトランスミッション(MT),マニュアルトランスミッション(MT),オートマチックトランスミッション(AT),オートマチックトランスミッション(AT),オートマチックトランスミッション(AT),オートマチックトランスミッション(AT),オートマチックトランスミッション(AT),オートマチックトランスミッション(AT),オートマチックトランスミッション(AT),オートマチックトランスミッション(AT),オートマチックトランスミッション(AT),マニュアルトランスミッション(MT),マニュアルトランスミッション(MT),マニュアルトランスミッション(MT),マニュアルトランスミッション(MT),マニュアルトランスミッション(MT),マニュアルトランスミッション(MT),オートマチックトランスミッション(AT),オートマチックトランスミッション(AT),オートマチックトランスミッション(AT),マニュアルトランスミッション(MT),マニュアルトランスミッション(MT),マニュアルトランスミッション(MT),マニュアルトランスミッション(MT),マニュアルトランスミッション(MT),マニュアルトランスミッション(MT)
底盘转向,シャシー・ステアリング,驱动方式,駆動方式,● フロントエンジン・後輪駆動,● フロントエンジン・後輪駆動,● フロントエンジン・後輪駆動,● フロントエンジン・後輪駆動,● フロントエンジン・後輪駆動,● フロントエンジン・後輪駆動,● フロントエンジン・後輪駆動,● フロントエンジン・後輪駆動,● フロントエンジン・後輪駆動,● フロントエンジン・後輪駆動,● フロントエンジン・後輪駆動,● フロントエンジン・後輪駆動,● フロントエンジン・後輪駆動,● フロントエンジン・後輪駆動,● フロントエンジン・後輪駆動,● フロントエンジン・後輪駆動,● フロントエンジン・後輪駆動,● フロントエンジン・後輪駆動,● フロントエンジン・後輪駆動,● フロントエンジン・後輪駆動,● フロントエンジン・後輪駆動,● フロントエンジン・後輪駆動,● フロントエンジン・後輪駆動,● フロントエンジン・後輪駆動,● フロントエンジン・後輪駆動,● フロントエンジン・後輪駆動,● フロントエンジン・後輪駆動,● フロントエンジン・後輪駆動,● フロントエンジン・後輪駆動,● フロントエンジン・後輪駆動,● フロントエンジン・後輪駆動,● フロントエンジン・後輪駆動,● フロントエンジン・後輪駆動,● フロントエンジン・後輪駆動,● フロントエンジン・後輪駆動,● フロントエンジン・後輪駆動,● フロントエンジン・後輪駆動,● フロントエンジン・後輪駆動,● フロントエンジン・後輪駆動,● フロントエンジン・後輪駆動,● フロントエンジン・後輪駆動,● フロントエンジン・後輪駆動,● フロントエンジン・後輪駆動,● フロントエンジン・後輪駆動,● フロントエンジン・後輪駆動,● フロントエンジン・後輪駆動,● フロントエンジン・後輪駆動,● フロントエンジン・後輪駆動,● フロントエンジン・後輪駆動,● フロントエンジン・後輪駆動,● フロントエンジン・後輪駆動,● フロントエンジン・後輪駆動,● フロントエンジン・後輪駆動,● フロントエンジン・後輪駆動,● フロントエンジン・後輪駆動,● フロントエンジン・後輪駆動,● フロントエンジン・後輪駆動,● フロントエンジン・後輪駆動,● フロントエンジン・後輪駆動,● フロントエンジン・後輪駆動,● フロントエンジン・後輪駆動,● フロントエンジン・後輪駆動,● フロントエンジン・後輪駆動,● フロントエンジン・後輪駆動,● フロントエンジン・後輪駆動,● フロントエンジン・後輪駆動,● フロントエンジン・後輪駆動,● フロントエンジン・後輪駆動,● フロントエンジン・後輪駆動,● フロントエンジン・後輪駆動,● フロントエンジン・後輪駆動,● フロントエンジン・後輪駆動,● フロントエンジン・後輪駆動,● フロントエンジン・後輪駆動,● フロントエンジン・後輪駆動,● フロントエンジン・後輪駆動,● フロントエンジン・後輪駆動,● フロントエンジン・後輪駆動,● フロントエンジン・後輪駆動,● フロントエンジン・後輪駆動,● フロントエンジン・後輪駆動,● フロントエンジン・後輪駆動,● フロントエンジン・後輪駆動,● フロントエンジン・後輪駆動,● フロントエンジン・後輪駆動,● フロントエンジン・後輪駆動,● フロントエンジン・後輪駆動,● フロントエンジン・後輪駆動,● フロントエンジン・後輪駆動,● フロントエンジン・後輪駆動,● フロントエンジン・後輪駆動,● フロントエンジン・後輪駆動,● フロントエンジン・後輪駆動,● フロントエンジン・後輪駆動,● フロントエンジン・後輪駆動,● フロントエンジン・後輪駆動,● フロントエンジン・後輪駆動,● フロントエンジン・後輪駆動,● フロントエンジン・後輪駆動,● フロントエンジン・後輪駆動,● フロントエンジン・後輪駆動,● フロントエンジン・後輪駆動,● フロントエンジン・後輪駆動
底盘转向,シャシー・ステアリング,前悬架类型,フロントサスペンション形式,● マクファーソン式独立サスペンション,● マクファーソン式独立サスペンション,● マクファーソン式独立サスペンション,● マクファーソン式独立サスペンション,● マクファーソン式独立サスペンション,● マクファーソン式独立サスペンション,● マクファーソン式独立サスペンション,● マクファーソン式独立サスペンション,● マクファーソン式独立サスペンション,● マクファーソン式独立サスペンション,● マクファーソン式独立サスペンション,● マクファーソン式独立サスペンション,● マクファーソン式独立サスペンション,● マクファーソン式独立サスペンション,● マクファーソン式独立サスペンション,● マクファーソン式独立サスペンション,● マクファーソン式独立サスペンション,● マクファーソン式独立サスペンション,● マクファーソン式独立サスペンション,● マクファーソン式独立サスペンション,● マクファーソン式独立サスペンション,● マクファーソン式独立サスペンション,● マクファーソン式独立サスペンション,● マクファーソン式独立サスペンション,● マクファーソン式独立サスペンション,● マクファーソン式独立サスペンション,● マクファーソン式独立サスペンション,● マクファーソン式独立サスペンション,● マクファーソン式独立サスペンション,● マクファーソン式独立サスペンション,● マクファーソン式独立サスペンション,● マクファーソン式独立サスペンション,● マクファーソン式独立サスペンション,● マクファーソン式独立サスペンション,● マクファーソン式独立サスペンション,● マクファーソン式独立サスペンション,● マクファーソン式独立サスペンション,● マクファーソン式独立サスペンション,● マクファーソン式独立サスペンション,● マクファーソン式独立サスペンション,● マクファーソン式独立サスペンション,● マクファーソン式独立サスペンション,● マクファーソン式独立サスペンション,● マクファーソン式独立サスペンション,● マクファーソン式独立サスペンション,● マクファーソン式独立サスペンション,● マクファーソン式独立サスペンション,● マクファーソン式独立サスペンション,● マクファーソン式独立サスペンション,● マクファーソン式独立サスペンション,● マクファーソン式独立サスペンション,● マクファーソン式独立サスペンション,● マクファーソン式独立サスペンション,● マクファーソン式独立サスペンション,● マクファーソン式独立サスペンション,● マクファーソン式独立サスペンション,● マクファーソン式独立サスペンション,● マクファーソン式独立サスペンション,● マクファーソン式独立サスペンション,● マクファーソン式独立サスペンション,● マクファーソン式独立サスペンション,● マクファーソン式独立サスペンション,● マクファーソン式独立サスペンション,● マクファーソン式独立サスペンション,● マクファーソン式独立サスペンション,● マクファーソン式独立サスペンション,● マクファーソン式独立サスペンション,● マクファーソン式独立サスペンション,● マクファーソン式独立サスペンション,● マクファーソン式独立サスペンション,● マクファーソン式独立サスペンション,● マクファーソン式独立サスペンション,● マクファーソン式独立サスペンション,● マクファーソン式独立サスペンション,● マクファーソン式独立サスペンション,● マクファーソン式独立サスペンション,● マクファーソン式独立サスペンション,● マクファーソン式独立サスペンション,● マクファーソン式独立サスペンション,● マクファーソン式独立サスペンション,● マクファーソン式独立サスペンション,● マクファーソン式独立サスペンション,● マクファーソン式独立サスペンション,● マクファーソン式独立サスペンション,● マクファーソン式独立サスペンション,● マクファーソン式独立サスペンション,● マクファーソン式独立サスペンション,● マクファーソン式独立サスペンション,● マクファーソン式独立サスペンション,● マクファーソン式独立サスペンション,● マクファーソン式独立サスペンション,● マクファーソン式独立サスペンション,● マクファーソン式独立サスペンション,● マクファーソン式独立サスペンション,● マクファーソン式独立サスペンション,● マクファーソン式独立サスペンション,● マクファーソン式独立サスペンション,● マクファーソン式独立サスペンション,● マクファーソン式独立サスペンション,● マクファーソン式独立サスペンション,● マクファーソン式独立サスペンション,● マクファーソン式独立サスペンション,● マクファーソン式独立サスペンション
底盘转向,シャシー・ステアリング,后悬架类型,リヤサスペンション形式,● リーフスプリング式非独立サスペンション,● リーフスプリング式非独立サスペンション,● リーフスプリング式非独立サスペンション,● リーフスプリング式非独立サスペンション,● リーフスプリング式非独立サスペンション,● リーフスプリング式非独立サスペンション,● リーフスプリング式非独立サスペンション,● リーフスプリング式非独立サスペンション,● リーフスプリング式非独立サスペンション,● リーフスプリング式非独立サスペンション,● リーフスプリング式非独立サスペンション,● リーフスプリング式非独立サスペンション,● リーフスプリング式非独立サスペンション,● リーフスプリング式非独立サスペンション,● リーフスプリング式非独立サスペンション,● リーフスプリング式非独立サスペンション,● リーフスプリング式非独立サスペンション,● リーフスプリング式非独立サスペンション,● リーフスプリング式非独立サスペンション,● リーフスプリング式非独立サスペンション,● リーフスプリング式非独立サスペンション,● リーフスプリング式非独立サスペンション,● リーフスプリング式非独立サスペンション,● リーフスプリング式非独立サスペンション,● リーフスプリング式非独立サスペンション,● リーフスプリング式非独立サスペンション,● リーフスプリング式非独立サスペンション,● リーフスプリング式非独立サスペンション,● リーフスプリング式非独立サスペンション,● リーフスプリング式非独立サスペンション,● リーフスプリング式非独立サスペンション,● リーフスプリング式非独立サスペンション,● リーフスプリング式非独立サスペンション,● リーフスプリング式非独立サスペンション,● リーフスプリング式非独立サスペンション,● リーフスプリング式非独立サスペンション,● リーフスプリング式非独立サスペンション,● リーフスプリング式非独立サスペンション,● リーフスプリング式非独立サスペンション,● リーフスプリング式非独立サスペンション,● リーフスプリング式非独立サスペンション,● リーフスプリング式非独立サスペンション,● リーフスプリング式非独立サスペンション,● リーフスプリング式非独立サスペンション,● リーフスプリング式非独立サスペンション,● リーフスプリング式非独立サスペンション,● リーフスプリング式非独立サスペンション,● リーフスプリング式非独立サスペンション,● リーフスプリング式非独立サスペンション,● リーフスプリング式非独立サスペンション,● リーフスプリング式非独立サスペンション,● リーフスプリング式非独立サスペンション,● リーフスプリング式非独立サスペンション,● リーフスプリング式非独立サスペンション,● リーフスプリング式非独立サスペンション,● リーフスプリング式非独立サスペンション,● リーフスプリング式非独立サスペンション,● リーフスプリング式非独立サスペンション,● リーフスプリング式非独立サスペンション,● リーフスプリング式非独立サスペンション,● リーフスプリング式非独立サスペンション,● リーフスプリング式非独立サスペンション,● リーフスプリング式非独立サスペンション,● リーフスプリング式非独立サスペンション,● リーフスプリング式非独立サスペンション,● リーフスプリング式非独立サスペンション,● リーフスプリング式非独立サスペンション,● リーフスプリング式非独立サスペンション,● リーフスプリング式非独立サスペンション,● リーフスプリング式非独立サスペンション,● リーフスプリング式非独立サスペンション,● リーフスプリング式非独立サスペンション,● リーフスプリング式非独立サスペンション,● リーフスプリング式非独立サスペンション,● リーフスプリング式非独立サスペンション,● リーフスプリング式非独立サスペンション,● リーフスプリング式非独立サスペンション,● リーフスプリング式非独立サスペンション,● リーフスプリング式非独立サスペンション,● リーフスプリング式非独立サスペンション,● リーフスプリング式非独立サスペンション,● リーフスプリング式非独立サスペンション,● リーフスプリング式非独立サスペンション,● リーフスプリング式非独立サスペンション,● リーフスプリング式非独立サスペンション,● リーフスプリング式非独立サスペンション,● リーフスプリング式非独立サスペンション,● リーフスプリング式非独立サスペンション,● リーフスプリング式非独立サスペンション,● リーフスプリング式非独立サスペンション,● リーフスプリング式非独立サスペンション,● リーフスプリング式非独立サスペンション,● リーフスプリング式非独立サスペンション,● リーフスプリング式非独立サスペンション,● リーフスプリング式非独立サスペンション,● リーフスプリング式非独立サスペンション,● リーフスプリング式非独立サスペンション,● リーフスプリング式非独立サスペンション,● リーフスプリング式非独立サスペンション,● リーフスプリング式非独立サスペンション,● リーフスプリング式非独立サスペンション,● リーフスプリング式非独立サスペンション,● リーフスプリング式非独立サスペンション
底盘转向,シャシー・ステアリング,助力类型,パワーステアリング形式,● 電動パワーステアリング,● 電動パワーステアリング,● 電動パワーステアリング,● 電動パワーステアリング,● 電動パワーステアリング,● 電動パワーステアリング,● 電動パワーステアリング,● 電動パワーステアリング,● 電動パワーステアリング,● 電動パワーステアリング,● 電動パワーステアリング,● 電動パワーステアリング,● 電動パワーステアリング,● 電動パワーステアリング,● 電動パワーステアリング,● 電動パワーステアリング,● 電動パワーステアリング,● 電動パワーステアリング,● 電動パワーステアリング,● 電動パワーステアリング,● 電動パワーステアリング,● 電動パワーステアリング,● 電動パワーステアリング,● 電動パワーステアリング,● 電動パワーステアリング,● 電動パワーステアリング,● 電動パワーステアリング,● 電動パワーステアリング,● 電動パワーステアリング,● 電動パワーステアリング,● 電動パワーステアリング,● 電動パワーステアリング,● 電動パワーステアリング,● 電動パワーステアリング,● 電動パワーステアリング,● 電動パワーステアリング,● 電動パワーステアリング,● 電動パワーステアリング,● 電動パワーステアリング,● 電動パワーステアリング,● 電動パワーステアリング,● 電動パワーステアリング,● 電動パワーステアリング,● 電動パワーステアリング,● 電動パワーステアリング,● 電動パワーステアリング,● 電動パワーステアリング,● 電動パワーステアリング,● 電動パワーステアリング,● 電動パワーステアリング,● 電動パワーステアリング,● 電動パワーステアリング,● 電動パワーステアリング,● 電動パワーステアリング,● 電動パワーステアリング,● 電動パワーステアリング,● 電動パワーステアリング,● 電動パワーステアリング,● 電動パワーステアリング,● 電動パワーステアリング,● 電動パワーステアリング,● 電動パワーステアリング,● 電動パワーステアリング,● 電動パワーステアリング,● 電動パワーステアリング,● 電動パワーステアリング,● 電動パワーステアリング,● 電動パワーステアリング,● 電動パワーステアリング,● 電動パワーステアリング,● 電動パワーステアリング,● 電動パワーステアリング,● 電動パワーステアリング,● 電動パワーステアリング,● 電動パワーステアリング,● 電動パワーステアリング,● 電動パワーステアリング,● 電動パワーステアリング,● 電動パワーステアリング,● 電動パワーステアリング,● 電動パワーステアリング,● 電動パワーステアリング,● 電動パワーステアリング,● 電動パワーステアリング,● 電動パワーステアリング,● 電動パワーステアリング,● 電動パワーステアリング,● 電動パワーステアリング,● 電動パワーステアリング,● 電動パワーステアリング,● 電動パワーステアリング,● 電動パワーステアリング,● 電動パワーステアリング,● 電動パワーステアリング,● 電動パワーステアリング,● 電動パワーステアリング,● 電動パワーステアリング,● 電動パワーステアリング,● 電動パワーステアリング,● 電動パワーステアリング,● 電動パワーステアリング,● 電動パワーステアリング,● 電動パワーステアリング
底盘转向,シャシー・ステアリング,车体结构,車体構造,モノコック構造,モノコック構造,モノコック構造,モノコック構造,モノコック構造,モノコック構造,モノコック構造,モノコック構造,モノコック構造,モノコック構造,モノコック構造,モノコック構造,モノコック構造,モノコック構造,モノコック構造,モノコック構造,モノコック構造,モノコック構造,モノコック構造,モノコック構造,モノコック構造,モノコック構造,モノコック構造,モノコック構造,モノコック構造,モノコック構造,モノコック構造,モノコック構造,モノコック構造,モノコック構造,モノコック構造,モノコック構造,モノコック構造,モノコック構造,モノコック構造,モノコック構造,モノコック構造,モノコック構造,モノコック構造,モノコック構造,モノコック構造,モノコック構造,モノコック構造,モノコック構造,モノコック構造,モノコック構造,モノコック構造,モノコック構造,モノコック構造,モノコック構造,モノコック構造,モノコック構造,モノコック構造,モノコック構造,モノコック構造,モノコック構造,モノコック構造,モノコック構造,モノコック構造,モノコック構造,モノコック構造,モノコック構造,モノコック構造,モノコック構造,モノコック構造,モノコック構造,モノコック構造,モノコック構造,モノコック構造,モノコック構造,モノコック構造,モノコック構造,モノコック構造,モノコック構造,モノコック構造,モノコック構造,モノコック構造,モノコック構造,モノコック構造,モノコック構造,モノコック構造,モノコック構造,モノコック構造,モノコック構造,モノコック構造,モノコック構造,モノコック構造,モノコック構造,モノコック構造,モノコック構造,モノコック構造,モノコック構造,モノコック構造,モノコック構造,モノコック構造,モノコック構造,モノコック構造,モノコック構造,モノコック構造,モノコック構造,モノコック構造,モノコック構造,モノコック構造
车轮制动,ホイール・ブレーキ,前制动器类型,フロントブレーキ形式,● ベンチレーテッドディスク,● ベンチレーテッドディスク,● ベンチレーテッドディスク,● ベンチレーテッドディスク,● ベンチレーテッドディスク,● ベンチレーテッドディスク,● ベンチレーテッドディスク,● ベンチレーテッドディスク,● ベンチレーテッドディスク,● ベンチレーテッドディスク,● ベンチレーテッドディスク,● ベンチレーテッドディスク,● ベンチレーテッドディスク,● ベンチレーテッドディスク,● ベンチレーテッドディスク,● ベンチレーテッドディスク,● ベンチレーテッドディスク,● ベンチレーテッドディスク,● ベンチレーテッドディスク,● ベンチレーテッドディスク,● ベンチレーテッドディスク,● ベンチレーテッドディスク,● ベンチレーテッドディスク,● ベンチレーテッドディスク,● ベンチレーテッドディスク,● ベンチレーテッドディスク,● ベンチレーテッドディスク,● ベンチレーテッドディスク,● ベンチレーテッドディスク,● ベンチレーテッドディスク,● ベンチレーテッドディスク,● ベンチレーテッドディスク,● ベンチレーテッドディスク,● ベンチレーテッドディスク,● ベンチレーテッドディスク,● ベンチレーテッドディスク,● ベンチレーテッドディスク,● ベンチレーテッドディスク,● ベンチレーテッドディスク,● ベンチレーテッドディスク,● ベンチレーテッドディスク,● ベンチレーテッドディスク,● ベンチレーテッドディスク,● ベンチレーテッドディスク,● ベンチレーテッドディスク,● ベンチレーテッドディスク,● ベンチレーテッドディスク,● ベンチレーテッドディスク,● ベンチレーテッドディスク,● ベンチレーテッドディスク,● ベンチレーテッドディスク,● ベンチレーテッドディスク,● ベンチレーテッドディスク,● ベンチレーテッドディスク,● ベンチレーテッドディスク,● ベンチレーテッドディスク,● ベンチレーテッドディスク,● ベンチレーテッドディスク,● ベンチレーテッドディスク,● ベンチレーテッドディスク,● ベンチレーテッドディスク,● ベンチレーテッドディスク,● ベンチレーテッドディスク,● ベンチレーテッドディスク,● ベンチレーテッドディスク,● ベンチレーテッドディスク,● ベンチレーテッドディスク,● ベンチレーテッドディスク,● ベンチレーテッドディスク,● ベンチレーテッドディスク,● ベンチレーテッドディスク,● ベンチレーテッドディスク,● ベンチレーテッドディスク,● ベンチレーテッドディスク,● ベンチレーテッドディスク,● ベンチレーテッドディスク,● ベンチレーテッドディスク,● ベンチレーテッドディスク,● ベンチレーテッドディスク,● ベンチレーテッドディスク,● ベンチレーテッドディスク,● ベンチレーテッドディスク,● ベンチレーテッドディスク,● ベンチレーテッドディスク,● ベンチレーテッドディスク,● ベンチレーテッドディスク,● ベンチレーテッドディスク,● ベンチレーテッドディスク,● ベンチレーテッドディスク,● ベンチレーテッドディスク,● ベンチレーテッドディスク,● ベンチレーテッドディスク,● ベンチレーテッドディスク,● ベンチレーテッドディスク,● ベンチレーテッドディスク,● ベンチレーテッドディスク,● ベンチレーテッドディスク,● ベンチレーテッドディスク,● ベンチレーテッドディスク,● ベンチレーテッドディスク,● ベンチレーテッドディスク,● ベンチレーテッドディスク,● ベンチレーテッドディスク
车轮制动,ホイール・ブレーキ,后制动器类型,リヤブレーキ形式,● ドラム式,● ドラム式,● ドラム式,● ディスク式,● ディスク式,● ドラム式,● ドラム式,● ドラム式,● ドラム式,● ドラム式,● ドラム式,● ディスク式,● ディスク式,● ディスク式,● ディスク式,● ディスク式,● ドラム式,● ドラム式,● ディスク式,● ディスク式,● ディスク式,● ディスク式,● ディスク式,● ディスク式,● ドラム式,● ドラム式,● ドラム式,● ドラム式,● ディスク式,● ディスク式,● ディスク式,● ディスク式,● ディスク式,● ディスク式,● ディスク式,● ディスク式,● ディスク式,● ドラム式,● ドラム式,● ドラム式,● ディスク式,● ディスク式,● ドラム式,● ドラム式,● ドラム式,● ドラム式,● ドラム式,● ドラム式,● ドラム式,● ディスク式,● ディスク式,● ディスク式,● ドラム式,● ドラム式,● ドラム式,● ドラム式,● ドラム式,● ディスク式,● ディスク式,● ディスク式,● ディスク式,● ディスク式,● ディスク式,● ディスク式,● ドラム式,● ドラム式,● ディスク式,● ディスク式,● ドラム式,● ディスク式,● ディスク式,● ドラム式,● ドラム式,● ドラム式,● ドラム式,● ドラム式,● ドラム式,● ディスク式,● ディスク式,● ディスク式,● ディスク式,● ディスク式,● ディスク式,● ディスク式,● ディスク式,● ディスク式,● ディスク式,● ディスク式,● ディスク式,● ドラム式,● ドラム式,● ドラム式,● ドラム式,● ディスク式,● ディスク式,● ディスク式,● ディスク式,● ドラム式,● ディスク式,● ディスク式,● ドラム式,● ドラム式,● ディスク式
车轮制动,ホイール・ブレーキ,驻车制动类型,パーキングブレーキ形式,● 手動サイドブレーキ,● 手動サイドブレーキ,● 手動サイドブレーキ,● 手動サイドブレーキ,● 手動サイドブレーキ,● 手動サイドブレーキ,● 手動サイドブレーキ,● 手動サイドブレーキ,● 手動サイドブレーキ,● 手動サイドブレーキ,● 手動サイドブレーキ,● 手動サイドブレーキ,● 手動サイドブレーキ,● 手動サイドブレーキ,● 電子パーキングブレーキ,● 電子パーキングブレーキ,● 手動サイドブレーキ,● 手動サイドブレーキ,● 電子パーキングブレーキ,● 電子パーキングブレーキ,● 電子パーキングブレーキ,● 電子パーキングブレーキ,● 電子パーキングブレーキ,● 電子パーキングブレーキ,● 手動サイドブレーキ,● 手動サイドブレーキ,● 手動サイドブレーキ,● 手動サイドブレーキ,● 手動サイドブレーキ,● 手動サイドブレーキ,● 手動サイドブレーキ,● 電子パーキングブレーキ,● 電子パーキングブレーキ,● 電子パーキングブレーキ,● 電子パーキングブレーキ,● 電子パーキングブレーキ,● 電子パーキングブレーキ,● 手動サイドブレーキ,● 手動サイドブレーキ,● 手動サイドブレーキ,● 手動サイドブレーキ,● 手動サイドブレーキ,● 手動サイドブレーキ,● 手動サイドブレーキ,● 手動サイドブレーキ,● 手動サイドブレーキ,● 手動サイドブレーキ,● 手動サイドブレーキ,● 手動サイドブレーキ,● 手動サイドブレーキ,● 手動サイドブレーキ,● 手動サイドブレーキ,● 手動サイドブレーキ,● 手動サイドブレーキ,● 手動サイドブレーキ,● 手動サイドブレーキ,● 手動サイドブレーキ,● 手動サイドブレーキ,● 手動サイドブレーキ,● 手動サイドブレーキ,● 手動サイドブレーキ,● 手動サイドブレーキ,● 手動サイドブレーキ,● 手動サイドブレーキ,● 手動サイドブレーキ,● 手動サイドブレーキ,● 手動サイドブレーキ,● 手動サイドブレーキ,● 手動サイドブレーキ,● 手動サイドブレーキ,● 手動サイドブレーキ,● 手動サイドブレーキ,● 手動サイドブレーキ,● 手動サイドブレーキ,● 手動サイドブレーキ,● 手動サイドブレーキ,● 手動サイドブレーキ,● 手動サイドブレーキ,● 手動サイドブレーキ,● 電子パーキングブレーキ,● 電子パーキングブレーキ,● 電子パーキングブレーキ,● 電子パーキングブレーキ,● 電子パーキングブレーキ,● 電子パーキングブレーキ,● 電子パーキングブレーキ,● 電子パーキングブレーキ,● 電子パーキングブレーキ,● 手動サイドブレーキ,● 手動サイドブレーキ,● 手動サイドブレーキ,● 手動サイドブレーキ,● 手動サイドブレーキ,● 手動サイドブレーキ,● 電子パーキングブレーキ,● 電子パーキングブレーキ,● 電子パーキングブレーキ,● 手動サイドブレーキ,● 手動サイドブレーキ,● 手動サイドブレーキ,● 手動サイドブレーキ,● 手動サイドブレーキ,● 手動サイドブレーキ
车轮制动,ホイール・ブレーキ,前轮胎规格,フロントタイヤサイズ,● 205/65 R16,● 205/65 R16,● 205/65 R16,● 205/65 R16,● 205/65 R16,● 215/65 R16,● 215/65 R16,● 205/65 R16,● 215/65 R16,● 215/65 R16,● 215/65 R16,● 215/65 R16,● 215/65 R16,● 215/65 R16,● 215/60 R17,● 215/60 R17,● 215/65 R16,● 215/65 R16,● 215/60 R17,● 215/60 R17,● 215/60 R17,● 215/60 R17,● 215/60 R17,● 215/60 R17,● 205/65 R16,● 215/65 R16,● 205/65 R16,● 215/65 R16,● 215/65 R16,● 215/65 R16,● 215/65 R16,● 215/60 R17,● 215/60 R17,● 215/60 R17,● 215/60 R17,● 215/60 R17,● 215/60 R17,● 205/65 R16,● 205/65 R16,● 205/65 R16,● 205/65 R16,● 205/65 R16,● 205/65 R16,● 215/65 R16,● 215/65 R16,● 205/65 R16,● 215/65 R16,● 205/65 R16,● 215/65 R16,● 215/65 R16,● 215/65 R16,● 215/65 R16,● 205/65 R16,● 215/65 R16,● 215/65 R16,● 215/65 R16,● 215/65 R16,● 215/65 R16,● 215/65 R16,● 215/65 R16,● 215/60 R17,● 215/60 R17,● 215/60 R17,● 215/60 R17,● 205/65 R16,● 205/65 R16,● 205/65 R16,● 205/65 R16,● 205/65 R16,● 205/65 R16,● 205/65 R16,● 215/65 R16,● 215/65 R16,● 215/65 R16,● 215/65 R16,● 215/65 R16,● 215/65 R16,● 215/65 R16,● 215/65 R16,● 215/60 R17,● 215/60 R17,● 215/60 R17,● 215/60 R17,● 215/60 R17,● 215/60 R17,● 215/60 R17,● 215/60 R17,● 215/60 R17,● 215/60 R17,● 215/65 R16,● 205/65 R16,● 215/65 R16,● 215/65 R16,● 215/65 R16,● 215/60 R17,● 215/60 R17,● 215/60 R17,● 205/65 R16,● 215/65 R16,● 215/65 R16,● 215/65 R16,● 215/65 R16,● 215/65 R16
车轮制动,ホイール・ブレーキ,后轮胎规格,リヤタイヤサイズ,● 205/65 R16,● 205/65 R16,● 205/65 R16,● 205/65 R16,● 205/65 R16,● 215/65 R16,● 215/65 R16,● 205/65 R16,● 215/65 R16,● 215/65 R16,● 215/65 R16,● 215/65 R16,● 215/65 R16,● 215/65 R16,● 215/60 R17,● 215/60 R17,● 215/65 R16,● 215/65 R16,● 215/60 R17,● 215/60 R17,● 215/60 R17,● 215/60 R17,● 215/60 R17,● 215/60 R17,● 205/65 R16,● 215/65 R16,● 205/65 R16,● 215/65 R16,● 215/65 R16,● 215/65 R16,● 215/65 R16,● 215/60 R17,● 215/60 R17,● 215/60 R17,● 215/60 R17,● 215/60 R17,● 215/60 R17,● 205/65 R16,● 205/65 R16,● 205/65 R16,● 205/65 R16,● 205/65 R16,● 205/65 R16,● 215/65 R16,● 215/65 R16,● 205/65 R16,● 215/65 R16,● 205/65 R16,● 215/65 R16,● 215/65 R16,● 215/65 R16,● 215/65 R16,● 205/65 R16,● 215/65 R16,● 215/65 R16,● 215/65 R16,● 215/65 R16,● 215/65 R16,● 215/65 R16,● 215/65 R16,● 215/60 R17,● 215/60 R17,● 215/60 R17,● 215/60 R17,● 205/65 R16,● 205/65 R16,● 205/65 R16,● 205/65 R16,● 205/65 R16,● 205/65 R16,● 205/65 R16,● 215/65 R16,● 215/65 R16,● 215/65 R16,● 215/65 R16,● 215/65 R16,● 215/65 R16,● 215/65 R16,● 215/65 R16,● 215/60 R17,● 215/60 R17,● 215/60 R17,● 215/60 R17,● 215/60 R17,● 215/60 R17,● 215/60 R17,● 215/60 R17,● 215/60 R17,● 215/60 R17,● 215/65 R16,● 205/65 R16,● 215/65 R16,● 215/65 R16,● 215/65 R16,● 215/60 R17,● 215/60 R17,● 215/60 R17,● 205/65 R16,● 215/65 R16,● 215/65 R16,● 215/65 R16,● 215/65 R16,● 215/65 R16
车轮制动,ホイール・ブレーキ,备胎规格,スペアタイヤ仕様,-,-,-,-,-,-,-,-,● なし,● なし,● なし,● なし,● なし,● なし,● なし,● なし,-,-,-,-,-,-,-,-,-,-,-,-,-,-,-,● フルサイズ,● フルサイズ,● フルサイズ,● フルサイズ,● フルサイズ,● フルサイズ,● フルサイズ,● フルサイズ,● フルサイズ,● フルサイズ,● フルサイズ,● フルサイズ,● フルサイズ,● フルサイズ,● フルサイズ,● フルサイズ,● フルサイズ,● フルサイズ,● フルサイズ,● フルサイズ,● フルサイズ,● なし,● なし,● なし,● なし,● なし,● なし,● なし,● なし,● なし,● なし,● なし,● なし,● フルサイズ,● フルサイズ,● フルサイズ,● フルサイズ,● フルサイズ,● フルサイズ,● フルサイズ,● フルサイズ,● フルサイズ,● フルサイズ,● フルサイズ,● フルサイズ,● フルサイズ,● フルサイズ,● フルサイズ,● フルサイズ,● フルサイズ,● フルサイズ,● フルサイズ,● フルサイズ,● フルサイズ,● フルサイズ,● フルサイズ,● フルサイズ,● なし,● フルサイズ,● フルサイズ,● フルサイズ,● フルサイズ,● フルサイズ,● フルサイズ,● フルサイズ,● フルサイズ,● フルサイズ,● フルサイズ,● フルサイズ,● フルサイズ,● フルサイズ,● なし
被动安全,衝突安全,主/副驾驶座安全气囊,運転席/助手席エアバッグ,運転席 ● / 助手席,運転席 ● / 助手席,運転席 ● / 助手席,運転席 ● / 助手席 ●,運転席 ● / 助手席 ●,運転席 ● / 助手席,運転席 ● / 助手席,運転席 ● / 助手席,運転席 ● / 助手席,運転席 ● / 助手席,運転席 ● / 助手席,運転席 ● / 助手席 ●,運転席 ● / 助手席 ●,運転席 ● / 助手席 ●,運転席 ● / 助手席,運転席 ● / 助手席,運転席 ● / 助手席,運転席 ● / 助手席,運転席 ● / 助手席 ●,運転席 ● / 助手席 ●,運転席 ● / 助手席 ●,運転席 ● / 助手席 ●,運転席 ● / 助手席 ●,運転席 ● / 助手席 ●,運転席 ● / 助手席,運転席 ● / 助手席,運転席 ● / 助手席,運転席 ● / 助手席,運転席 ● / 助手席 ●,運転席 ● / 助手席 ●,運転席 ● / 助手席 ●,運転席 ● / 助手席 ●,運転席 ● / 助手席 ●,運転席 ● / 助手席 ●,運転席 ● / 助手席 ●,運転席 ● / 助手席 ●,運転席 ● / 助手席 ●,運転席 ● / 助手席,運転席 ● / 助手席,運転席 ● / 助手席,運転席 ● / 助手席 ●,運転席 ● / 助手席 ●,運転席 ● / 助手席,運転席 ● / 助手席,運転席 ● / 助手席,運転席 ● / 助手席,運転席 ● / 助手席,運転席 ● / 助手席,運転席 ● / 助手席,運転席 ● / 助手席 ●,運転席 ● / 助手席 ●,運転席 ● / 助手席 ●,運転席 ● / 助手席,運転席 ● / 助手席,運転席 ● / 助手席,運転席 ● / 助手席,運転席 ● / 助手席,運転席 ● / 助手席 ●,運転席 ● / 助手席 ●,運転席 ● / 助手席 ●,運転席 ● / 助手席 ●,運転席 ● / 助手席 ●,運転席 ● / 助手席 ●,運転席 ● / 助手席 ●,運転席 ● / 助手席,運転席 ● / 助手席,運転席 ● / 助手席 ●,運転席 ● / 助手席 ●,運転席 ● / 助手席,運転席 ● / 助手席 ●,運転席 ● / 助手席 ●,運転席 ● / 助手席,運転席 ● / 助手席,運転席 ● / 助手席,運転席 ● / 助手席,運転席 ● / 助手席,運転席 ● / 助手席,運転席 ● / 助手席 ●,運転席 ● / 助手席 ●,運転席 ● / 助手席 ●,運転席 ● / 助手席 ●,運転席 ● / 助手席 ●,運転席 ● / 助手席 ●,運転席 ● / 助手席 ●,運転席 ● / 助手席 ●,運転席 ● / 助手席 ●,運転席 ● / 助手席 ●,運転席 ● / 助手席 ●,運転席 ● / 助手席 ●,運転席 ● / 助手席,運転席 ● / 助手席,運転席 ● / 助手席,運転席 ● / 助手席,運転席 ● / 助手席 ●,運転席 ● / 助手席 ●,運転席 ● / 助手席 ●,運転席 ● / 助手席 ●,運転席 ● / 助手席,運転席 ● / 助手席 ●,運転席 ● / 助手席 ●,運転席 ● / 助手席,運転席 ● / 助手席,運転席 ● / 助手席 ●
被动安全,衝突安全,前/后排侧气囊,前/後席サイドエアバッグ,-,-,-,-,-,-,-,-,-,-,-,-,-,-,-,-,-,-,-,-,-,-,-,-,-,-,-,-,-,-,-,-,-,-,-,-,-,-,-,-,-,-,-,-,-,-,-,-,-,-,-,-,-,-,-,-,-,-,-,-,-,-,-,-,-,-,-,-,-,-,-,-,-,-,-,-,-,-,-,-,-,-,-,-,-,-,-,-,-,-,-,-,-,-,-,-,-,-,-,-,-,-,-
被动安全,衝突安全,前/后排头部气囊(气帘),前/後席カーテンエアバッグ,-,-,-,-,-,-,-,-,-,-,-,-,-,-,-,-,-,-,-,-,-,-,-,-,-,-,-,-,-,-,-,-,-,-,-,-,-,-,-,-,-,-,-,-,-,-,-,-,-,-,-,-,-,-,-,-,-,-,-,-,-,-,-,-,-,-,-,-,-,-,-,-,-,-,-,-,-,-,-,-,-,-,-,-,-,-,-,-,-,-,-,-,-,-,-,-,-,-,-,-,-,-,-
主动安全,アクティブセーフティ,ABS防抱死,ABS,●,●,●,●,●,●,●,●,●,●,●,●,●,●,●,●,●,●,●,●,●,●,●,●,●,●,●,●,●,●,●,●,●,●,●,●,●,●,●,●,●,●,●,●,●,●,●,●,●,●,●,●,●,●,●,●,●,●,●,●,●,●,●,●,●,●,●,●,●,●,●,●,●,●,●,●,●,●,●,●,●,●,●,●,●,●,●,●,●,●,●,●,●,●,●,●,●,●,●,●,●,●,●
主动安全,アクティブセーフティ,制动力分配(EBD/CBC等),EBD/CBC,●,●,●,●,●,●,●,●,●,●,●,●,●,●,●,●,●,●,●,●,●,●,●,●,●,●,●,●,●,●,●,●,●,●,●,●,●,●,●,●,●,●,●,●,●,●,●,●,●,●,●,●,●,●,●,●,●,●,●,●,●,●,●,●,●,●,●,●,●,●,●,●,●,●,●,●,●,●,●,●,●,●,●,●,●,●,●,●,●,●,●,●,●,●,●,●,●,●,●,●,●,●,●
主动安全,アクティブセーフティ,刹车辅助(EBA/BAS/BA等),ブレーキアシスト(EBA/BAS/BA),-,-,-,●,●,-,-,-,-,-,-,●,●,●,●,●,-,-,●,●,●,●,●,●,-,-,-,-,●,●,●,●,●,●,●,●,●,-,-,-,●,●,-,-,-,-,-,-,-,●,●,●,-,-,-,-,-,●,●,●,●,●,●,●,-,-,●,●,-,●,●,-,-,-,-,-,-,●,●,●,●,●,●,●,●,●,●,●,●,-,-,-,-,●,●,●,●,-,●,●,-,-,●
主动安全,アクティブセーフティ,牵引力控制(ASR/TCS/TRC等),トラクションコントロール,-,-,-,●,●,-,-,-,-,-,-,●,●,●,●,●,-,-,●,●,●,●,●,●,-,-,-,-,●,●,●,●,●,●,●,●,●,-,-,-,●,●,-,-,-,-,-,-,-,●,●,●,-,-,-,-,-,●,●,●,●,●,●,●,-,-,●,●,-,●,●,-,-,-,-,-,-,●,●,●,●,●,●,●,●,●,●,●,●,-,-,-,-,●,●,●,●,-,●,●,-,-,●
主动安全,アクティブセーフティ,车身稳定控制(ESC/ESP/DSC等),横滑り防止装置,-,-,-,●,●,-,-,-,-,-,-,●,●,●,●,●,-,-,●,●,●,●,●,●,-,-,-,-,●,●,●,●,●,●,●,●,●,-,-,-,●,●,-,-,-,-,-,-,-,●,●,●,-,-,-,-,-,●,●,●,●,●,●,●,-,-,●,●,-,●,●,-,-,-,-,-,-,●,●,●,●,●,●,●,●,●,●,●,●,-,-,-,-,●,●,●,●,-,●,●,-,-,●
主动安全,アクティブセーフティ,胎压监测功能,タイヤ空気圧監視,● タイヤ空気圧警報,● タイヤ空気圧警報,● タイヤ空気圧警報,● タイヤ空気圧警報,● タイヤ空気圧警報,● タイヤ空気圧警報,● タイヤ空気圧警報,● タイヤ空気圧警報,● タイヤ空気圧警報,● タイヤ空気圧警報,● タイヤ空気圧警報,● タイヤ空気圧警報,● タイヤ空気圧警報,● タイヤ空気圧警報,● タイヤ空気圧警報,● タイヤ空気圧警報,● タイヤ空気圧警報,● タイヤ空気圧警報,● タイヤ空気圧警報,● タイヤ空気圧警報,● タイヤ空気圧警報,● タイヤ空気圧警報,● タイヤ空気圧警報,● タイヤ空気圧警報,● タイヤ空気圧警報,● タイヤ空気圧警報,● タイヤ空気圧警報,● タイヤ空気圧警報,● タイヤ空気圧警報,● タイヤ空気圧警報,● タイヤ空気圧警報,● タイヤ空気圧警報,● タイヤ空気圧警報,● タイヤ空気圧警報,● タイヤ空気圧警報,● タイヤ空気圧警報,● タイヤ空気圧警報,● タイヤ空気圧警報,● タイヤ空気圧警報,● タイヤ空気圧警報,● タイヤ空気圧警報,● タイヤ空気圧警報,● タイヤ空気圧警報,● タイヤ空気圧警報,● タイヤ空気圧警報,● タイヤ空気圧警報,● タイヤ空気圧警報,● タイヤ空気圧警報,● タイヤ空気圧警報,● タイヤ空気圧警報,● タイヤ空気圧警報,● タイヤ空気圧警報,● タイヤ空気圧警報,● タイヤ空気圧警報,● タイヤ空気圧警報,● タイヤ空気圧警報,● タイヤ空気圧警報,● タイヤ空気圧警報,● タイヤ空気圧警報,● タイヤ空気圧警報,● タイヤ空気圧警報,● タイヤ空気圧警報,● タイヤ空気圧警報,● タイヤ空気圧警報,● タイヤ空気圧警報,● タイヤ空気圧警報,● タイヤ空気圧警報,● タイヤ空気圧警報,● タイヤ空気圧警報,● タイヤ空気圧警報,● タイヤ空気圧警報,● タイヤ空気圧警報,● タイヤ空気圧警報,● タイヤ空気圧警報,● タイヤ空気圧警報,● タイヤ空気圧警報,● タイヤ空気圧警報,● タイヤ空気圧警報,● タイヤ空気圧警報,● タイヤ空気圧警報,● タイヤ空気圧警報,● タイヤ空気圧警報,● タイヤ空気圧警報,● タイヤ空気圧警報,● タイヤ空気圧警報,● タイヤ空気圧警報,● タイヤ空気圧警報,● タイヤ空気圧警報,● タイヤ空気圧警報,● タイヤ空気圧警報,● タイヤ空気圧警報,● タイヤ空気圧警報,● タイヤ空気圧警報,● タイヤ空気圧警報,● タイヤ空気圧警報,● タイヤ空気圧警報,● タイヤ空気圧警報,● タイヤ空気圧警報,● タイヤ空気圧警報,● タイヤ空気圧警報,● タイヤ空気圧警報,● タイヤ空気圧警報,● タイヤ空気圧警報
主动安全,アクティブセーフティ,安全带未系提醒,シートベルト非着用警告,● 運転席,● 運転席,● 運転席,● 運転席,● 運転席,● 運転席,● 運転席,● 運転席,● 運転席,● 運転席,● 運転席,● 運転席,● 運転席,● 運転席,● 運転席,● 運転席,● 運転席,● 運転席,● 運転席,● 運転席,● 前席,● 前席,● 前席,● 前席,● 運転席,● 運転席,● 運転席,● 運転席,● 運転席,● 運転席,● 運転席,● 運転席,● 運転席,● 前席,● 前席,● 前席,● 前席,● 運転席,● 運転席,● 運転席,● 運転席,● 運転席,● 運転席,● 運転席,● 運転席,● 運転席,● 運転席,● 運転席,● 運転席,● 運転席,● 運転席,● 運転席,● 運転席,● 運転席,● 運転席,● 運転席,● 運転席,● 運転席,● 運転席,● 運転席,● 前席,● 前席,● 前席,● 前席,● 運転席,● 運転席,● 運転席,● 運転席,● 運転席,● 運転席,● 運転席,● 運転席,● 運転席,● 運転席,● 運転席,● 運転席,● 運転席,● 運転席,● 運転席,● 運転席,● 運転席,● 前席,● 前席,● 前席,● 前席,● 前席,● 前席,● 前席,● 前席,● 運転席,● 運転席,● 運転席,● 運転席,● 運転席,● 前席,● 前席,● 前席,● 運転席,● 前席,● 前席,● 運転席,● 運転席,● 運転席
主动安全,アクティブセーフティ,ISOFIX儿童座椅接口,ISOFIXチャイルドシート固定装置,●,●,●,●,●,●,●,●,●,●,●,●,●,●,●,●,-,-,●,●,●,●,●,●,-,●,●,●,●,●,●,●,●,●,●,●,●,●,●,●,●,●,●,●,●,-,●,●,●,●,●,●,-,●,●,●,●,●,●,●,●,●,●,●,●,●,●,●,●,●,●,●,●,●,●,●,●,●,●,●,●,●,●,●,●,●,●,●,●,●,●,●,●,●,●,●,●,●,●,●,●,●,●
主动安全,アクティブセーフティ,车道偏离预警系统,レーンディパーチャー警報,-,-,-,●,●,-,-,-,-,-,-,●,●,●,-,-,-,-,-,-,●,●,●,●,-,-,-,-,●,●,●,-,-,●,●,●,●,-,-,-,●,●,-,-,-,-,-,-,-,●,●,●,-,-,-,-,-,●,●,●,●,●,●,●,-,-,●,●,-,●,●,-,-,-,-,-,-,●,●,-,-,●,●,●,●,●,●,-,●,-,-,-,-,●,●,●,-,-,-,-,-,-,●
主动安全,アクティブセーフティ,主动刹车/主动安全系统,自動緊急ブレーキ(AEB),-,-,-,-,-,-,-,-,-,-,-,-,-,-,-,-,-,-,-,-,-,-,-,-,-,-,-,-,-,-,-,-,-,-,-,-,-,-,-,-,-,-,-,-,-,-,-,-,-,-,-,-,-,-,-,-,-,-,-,-,-,-,-,-,-,-,-,-,-,-,-,-,-,-,-,-,-,-,-,-,-,-,-,-,-,-,-,-,●,-,-,-,-,-,-,-,-,-,-,-,-,-,-
主动安全,アクティブセーフティ,疲劳驾驶提示,ドライバー疲労警報,-,-,-,-,-,-,-,-,-,-,-,-,-,-,-,-,-,-,-,-,-,-,-,-,-,-,-,-,-,-,-,-,-,-,-,-,-,-,-,-,-,-,-,-,-,-,-,-,-,-,-,-,-,-,-,-,-,-,-,-,-,-,-,-,-,-,-,-,-,-,-,-,-,-,-,-,-,-,-,-,-,-,-,-,-,-,-,-,-,-,-,-,-,-,-,-,-,-,-,-,-,-,-
主动安全,アクティブセーフティ,DOW开门预警,ドアオープン警報(DOW),-,-,-,-,-,-,-,-,-,-,-,-,-,-,-,-,-,-,-,-,●,●,-,-,-,-,-,-,-,-,-,-,-,●,●,-,-,-,-,-,-,-,-,-,-,-,-,-,-,-,-,-,-,-,-,-,-,-,-,-,-,-,-,-,-,-,-,-,-,-,-,-,-,-,-,-,-,-,-,-,-,●,●,-,-,●,●,-,-,-,-,-,-,-,-,-,-,-,-,-,-,-,-
主动安全,アクティブセーフティ,后方碰撞预警,後方衝突警告,-,-,-,-,-,-,-,-,-,-,-,-,-,-,-,-,-,-,-,-,●,●,-,-,-,-,-,-,-,-,-,-,-,●,●,-,-,-,-,-,-,-,-,-,-,-,-,-,-,-,-,-,-,-,-,-,-,-,-,-,-,-,-,-,-,-,-,-,-,-,-,-,-,-,-,-,-,-,-,-,-,●,●,-,-,●,●,-,-,-,-,-,-,-,-,-,-,-,-,-,-,-,-
驾驶操控,ドライビングコントロール,驾驶模式切换,ドライブモード切替,-,-,-,-,-,-,-,-,-,-,-,-,-,-,-,-,-,-,-,-,-,-,-,-,-,-,-,-,-,-,-,-,-,-,-,-,-,-,-,-,-,-,-,-,-,-,-,-,-,-,-,-,-,-,-,-,-,-,-,-,-,-,-,-,-,-,-,-,-,-,-,-,-,-,-,-,-,-,-,-,-,-,-,-,-,-,-,-,-,-,-,-,-,-,-,-,-,-,-,-,-,-,-
驾驶操控,ドライビングコントロール,自动驻车,オートホールド,-,-,-,-,-,-,-,-,-,-,-,-,-,-,●,●,-,-,●,●,-,-,-,-,-,-,-,-,-,-,-,●,●,-,-,-,-,-,-,-,-,-,-,-,-,-,-,-,-,-,-,-,-,-,-,-,-,-,-,-,-,-,-,-,-,-,-,-,-,-,-,-,-,-,-,-,-,-,-,●,●,●,●,●,●,●,●,●,-,-,-,-,-,-,●,●,●,-,-,-,-,-,-
驾驶操控,ドライビングコントロール,上坡辅助,ヒルスタートアシスト,-,-,-,●,●,-,-,-,-,-,-,●,●,●,●,●,-,-,●,●,●,●,●,●,-,-,-,-,●,●,●,●,●,●,●,●,●,-,-,-,●,●,-,-,-,-,-,-,-,●,●,●,-,-,-,-,-,●,●,●,●,●,●,●,-,-,●,●,-,●,●,-,-,-,-,-,-,●,●,●,●,●,●,●,●,●,●,●,●,-,-,-,-,●,●,●,●,-,●,●,-,-,●
驾驶硬件,運転ハードウェア,前/后驻车雷达,前/後パーキングセンサー,前席/後席 ●,前席/後席 ●,前席/後席 ●,前席/後席 ●,前席/後席 ●,前席/後席 ●,前席/後席 ●,前席/後席 ●,前席/後席 ●,前席/後席 ●,前席/後席 ●,前席/後席 ●,前席/後席 ●,前席/後席 ●,前席/後席 ●,前席/後席 ●,前席/後席 ●,前席/後席 ●,前席/後席 ●,前席/後席 ●,前席/後席 ●,前席/後席 ●,前席/後席 ●,前席/後席 ●,前席/後席 ●,前席/後席 ●,前席/後席 ●,前席/後席 ●,前席/後席 ●,前席/後席 ●,前席/後席 ●,前席/後席 ●,前席/後席 ●,前席/後席 ●,前席/後席 ●,前席/後席 ●,前席/後席 ●,前席/後席 ●,前席/後席 ●,前席/後席 ●,前席/後席 ●,前席/後席 ●,前席/後席 ●,前席/後席 ●,前席/後席 ●,前席/後席 ●,前席/後席 ●,前席/後席 ●,前席/後席 ●,前席/後席 ●,前席/後席 ●,前席/後席 ●,前席/後席 ●,前席/後席 ●,前席/後席 ●,前席/後席 ●,前席/後席 ●,前席/後席 ●,前席/後席 ●,前席/後席 ●,前席/後席 ●,前席/後席 ●,前席/後席 ●,前席/後席 ●,前席/後席 ●,前席/後席 ●,前席/後席 ●,前席/後席 ●,前席/後席 ●,前席/後席 ●,前席/後席 ●,前席/後席 ●,前席/後席 ●,前席/後席 ●,前席/後席 ●,前席/後席 ●,前席/後席 ●,前席/後席 ●,前席/後席 ●,前席/後席 ●,前席/後席 ●,前席/後席 ●,前席/後席 ●,前席/後席 ●,前席/後席 ●,前席/後席 ●,前席/後席 ●,前席/後席 ●,前席/後席 ●,前席/後席 ●,前席/後席 ●,前席/後席 ●,前席/後席 ●,前席/後席 ●,前席/後席 ●,前席/後席 ●,前席/後席 ●,前席/後席 ●,前席/後席 ●,前席/後席 ●,前席/後席 ●,前席/後席 ●,前席/後席 ●
驾驶硬件,運転ハードウェア,驾驶辅助影像,運転支援映像,○ バックカメラ映像,○ バックカメラ映像,● バックカメラ映像,● バックカメラ映像,● バックカメラ映像,○ バックカメラ映像,○ バックカメラ映像,● バックカメラ映像,● バックカメラ映像,● バックカメラ映像,● バックカメラ映像,● バックカメラ映像,● バックカメラ映像,● バックカメラ映像,● バックカメラ映像,● バックカメラ映像,● バックカメラ映像,● バックカメラ映像,● バックカメラ映像,● バックカメラ映像,● 360度全方位カメラ映像,● 360度全方位カメラ映像,● バックカメラ映像,● バックカメラ映像,● バックカメラ映像,○ バックカメラ映像,● バックカメラ映像,● バックカメラ映像,● バックカメラ映像,● バックカメラ映像,● バックカメラ映像,● バックカメラ映像,● バックカメラ映像,● 360度全方位カメラ映像,● 360度全方位カメラ映像,● バックカメラ映像,● バックカメラ映像,○ バックカメラ映像,○ バックカメラ映像,● バックカメラ映像,● バックカメラ映像,● バックカメラ映像,● バックカメラ映像,○ バックカメラ映像,○ バックカメラ映像,● バックカメラ映像,○ バックカメラ映像,● バックカメラ映像,● バックカメラ映像,● バックカメラ映像,● バックカメラ映像,● バックカメラ映像,○ バックカメラ映像,○ バックカメラ映像,○ バックカメラ映像,○ バックカメラ映像,○ バックカメラ映像,● バックカメラ映像,● バックカメラ映像,● バックカメラ映像,● バックカメラ映像,● バックカメラ映像,● バックカメラ映像,● バックカメラ映像,○ バックカメラ映像,● バックカメラ映像,● バックカメラ映像,● バックカメラ映像,● バックカメラ映像,● バックカメラ映像,● バックカメラ映像,○ バックカメラ映像,○ バックカメラ映像,○ バックカメラ映像,○ バックカメラ映像,● バックカメラ映像,● バックカメラ映像,● バックカメラ映像,● バックカメラ映像,● バックカメラ映像,● バックカメラ映像,● 360度全方位カメラ映像,● 360度全方位カメラ映像,● バックカメラ映像,● バックカメラ映像,● 360度全方位カメラ映像,● 360度全方位カメラ映像,● バックカメラ映像,● バックカメラ映像,-,-,● バックカメラ映像,-,● バックカメラ映像,● バックカメラ映像,● バックカメラ映像,● バックカメラ映像,-,● バックカメラ映像,● バックカメラ映像,● バックカメラ映像,● バックカメラ映像,● バックカメラ映像
驾驶硬件,運転ハードウェア,摄像头数量,カメラ数,○ 1個,○ 1個,● 1個,● 1個,● 1個,○ 1個,○ 1個,● 1個,● 1個,● 1個,● 1個,● 1個,● 1個,● 1個,● 1個,● 1個,-,-,● 1個,● 1個,● 4個,● 4個,● 1個,● 1個,● 1個,○ 1個,● 1個,● 1個,● 1個,● 1個,● 1個,● 1個,● 1個,● 4個,● 4個,● 1個,● 1個,● 1個,● 1個,● 1個,● 1個,● 1個,● 1個,● 1個,● 1個,● 1個,● 1個,● 1個,● 1個,● 1個,● 1個,● 1個,○ 1個,○ 1個,○ 1個,○ 1個,○ 1個,● 1個,● 1個,● 1個,● 1個,● 1個,● 1個,● 1個,○ 1個,● 1個,● 1個,● 1個,● 1個,● 1個,● 1個,● 1個,● 1個,○ 1個,○ 1個,● 1個,● 1個,● 1個,● 1個,-,-,-,-,● 1個,● 1個,-,-,● 1個,● 1個,-,-,● 1個,-,● 1個,● 1個,● 1個,● 1個,-,● 1個,● 1個,● 1個,● 1個,● 1個
驾驶硬件,運転ハードウェア,超声波雷达数量,超音波センサー数,● 3個,● 3個,● 3個,● 3個,● 3個,● 3個,● 3個,● 3個,● 3個,● 3個,● 3個,● 3個,● 3個,● 3個,● 3個,● 3個,-,-,● 3個,● 3個,● 3個,● 3個,● 3個,● 3個,● 3個,● 3個,● 3個,● 3個,● 3個,● 3個,● 3個,● 3個,● 3個,● 3個,● 3個,● 3個,● 3個,● 3個,● 3個,● 3個,● 3個,● 3個,● 3個,● 3個,● 3個,● 3個,● 3個,● 3個,● 3個,● 3個,● 3個,● 3個,● 3個,● 3個,● 3個,● 3個,● 3個,● 3個,● 3個,● 3個,● 3個,● 3個,● 3個,● 3個,● 3個,● 3個,● 3個,● 3個,● 3個,● 3個,● 3個,● 3個,● 3個,● 3個,● 3個,● 3個,● 3個,● 3個,● 3個,● 3個,● 3個,● 3個,● 3個,● 3個,● 3個,● 3個,● 3個,● 3個,● 3個,● 3個,● 3個,● 3個,● 3個,● 3個,● 3個,● 3個,● 3個,● 3個,● 3個,● 3個,● 3個,● 3個,● 3個
驾驶功能,運転機能,巡航系统,クルーズコントロールシステム,-,-,-,-,-,-,-,-,-,-,-,● クルーズコントロール,● クルーズコントロール,● クルーズコントロール,● クルーズコントロール,● クルーズコントロール,-,-,● クルーズコントロール,● クルーズコントロール,● クルーズコントロール,● クルーズコントロール,● クルーズコントロール,● クルーズコントロール,-,-,-,-,-,-,-,● クルーズコントロール,● クルーズコントロール,● クルーズコントロール,● クルーズコントロール,● クルーズコントロール,● クルーズコントロール,-,-,-,-,-,-,-,-,-,-,-,-,-,-,-,-,-,-,-,-,-,-,-,● クルーズコントロール,● クルーズコントロール,● クルーズコントロール,● クルーズコントロール,-,-,-,-,-,-,-,-,-,-,-,-,-,-,-,● クルーズコントロール,● クルーズコントロール,● クルーズコントロール,● クルーズコントロール,● クルーズコントロール,● クルーズコントロール,● アダプティブクルーズコントロール,● アダプティブクルーズコントロール,● クルーズコントロール,● クルーズコントロール,-,-,-,-,-,● クルーズコントロール,● クルーズコントロール,● クルーズコントロール,-,-,-,-,-,-
驾驶功能,運転機能,辅助驾驶等级,運転支援レベル,-,-,-,-,-,-,-,-,-,-,-,-,-,-,-,-,-,-,-,-,-,-,-,-,-,-,-,-,-,-,-,-,-,-,-,-,-,-,-,-,-,-,-,-,-,-,-,-,-,-,-,-,-,-,-,-,-,-,-,-,-,-,-,-,-,-,-,-,-,-,-,-,-,-,-,-,-,-,-,-,-,-,-,-,-,● レベル2,● レベル2,-,-,-,-,-,-,-,-,-,-,-,-,-,-,-,-
驾驶功能,運転機能,卫星导航系统,衛星ナビゲーションシステム,-,-,-,-,-,-,-,-,-,-,-,-,-,-,-,-,-,-,-,-,●,●,●,●,-,-,-,-,-,-,-,-,-,●,●,●,●,-,-,-,-,-,-,-,-,-,-,-,-,-,-,-,-,-,-,-,-,-,-,-,-,-,-,-,-,-,-,-,-,-,-,-,-,-,-,-,-,-,-,-,-,●,●,●,●,●,●,-,-,-,-,-,-,-,-,-,-,-,-,-,-,-,-
驾驶功能,運転機能,导航路况信息显示,ナビ交通情報表示,-,-,-,-,-,-,-,-,-,-,-,-,-,-,-,-,-,-,-,-,●,●,●,●,-,-,-,-,-,-,-,-,-,●,●,●,●,-,-,-,-,-,-,-,-,-,-,-,-,-,-,-,-,-,-,-,-,-,-,-,-,-,-,-,-,-,-,-,-,-,-,-,-,-,-,-,-,-,-,-,-,●,●,●,●,●,●,-,-,-,-,-,-,-,-,-,-,-,-,-,-,-,-
驾驶功能,運転機能,地图品牌,地図ブランド,-,-,-,-,-,-,-,-,-,-,-,-,-,-,-,-,-,-,-,-,● 高徳（地図アプリ）,● 高徳（地図アプリ）,● 高徳（地図アプリ）,● 高徳（地図アプリ）,-,-,-,-,-,-,-,-,-,● 高徳（地図アプリ）,● 高徳（地図アプリ）,● 高徳（地図アプリ）,● 高徳（地図アプリ）,-,-,-,-,-,-,-,-,-,-,-,-,-,-,-,-,-,-,-,-,-,-,-,-,-,-,-,-,-,-,-,-,-,-,-,-,-,-,-,-,-,-,-,-,● 高徳（地図アプリ）,● 高徳（地図アプリ）,● 高徳（地図アプリ）,● 高徳（地図アプリ）,● 高徳（地図アプリ）,● 高徳（地図アプリ）,-,-,-,-,-,-,-,-,-,-,-,-,-,-,-,-
驾驶功能,運転機能,并线辅助,ブラインドスポットアシスト,-,-,-,-,-,-,-,-,-,-,-,-,-,-,-,-,-,-,-,-,-,-,-,-,-,-,-,-,-,-,-,-,-,-,-,-,-,-,-,-,-,-,-,-,-,-,-,-,-,-,-,-,-,-,-,-,-,-,-,-,-,-,-,-,-,-,-,-,-,-,-,-,-,-,-,-,-,-,-,-,-,-,-,-,-,-,-,-,-,-,-,-,-,-,-,-,-,-,-,-,-,-,-
驾驶功能,運転機能,车道保持辅助系统,レーンキープアシスト,-,-,-,-,-,-,-,-,-,-,-,-,-,-,-,-,-,-,-,-,-,-,-,-,-,-,-,-,-,-,-,-,-,-,-,-,-,-,-,-,-,-,-,-,-,-,-,-,-,-,-,-,-,-,-,-,-,-,-,-,-,-,-,-,-,-,-,-,-,-,-,-,-,-,-,-,-,-,-,-,-,-,-,-,-,●,●,-,-,-,-,-,-,-,-,-,-,-,-,-,-,-,-
驾驶功能,運転機能,车道居中保持,レーンセンタリングアシスト,-,-,-,-,-,-,-,-,-,-,-,-,-,-,-,-,-,-,-,-,-,-,-,-,-,-,-,-,-,-,-,-,-,-,-,-,-,-,-,-,-,-,-,-,-,-,-,-,-,-,-,-,-,-,-,-,-,-,-,-,-,-,-,-,-,-,-,-,-,-,-,-,-,-,-,-,-,-,-,-,-,-,-,-,-,●,●,-,-,-,-,-,-,-,-,-,-,-,-,-,-,-,-
驾驶功能,運転機能,道路交通标识识别,交通標識認識,-,-,-,-,-,-,-,-,-,-,-,-,-,-,-,-,-,-,-,-,-,-,-,-,-,-,-,-,-,-,-,-,-,-,-,-,-,-,-,-,-,-,-,-,-,-,-,-,-,-,-,-,-,-,-,-,-,-,-,-,-,-,-,-,-,-,-,-,-,-,-,-,-,-,-,-,-,-,-,-,-,-,-,-,-,●,●,-,-,-,-,-,-,-,-,-,-,-,-,-,-,-,-
驾驶功能,運転機能,辅助泊车入位,駐車支援機能,-,-,-,-,-,-,-,-,-,-,-,-,-,-,-,-,-,-,-,-,-,-,-,-,-,-,-,-,-,-,-,-,-,-,-,-,-,-,-,-,-,-,-,-,-,-,-,-,-,-,-,-,-,-,-,-,-,-,-,-,-,-,-,-,-,-,-,-,-,-,-,-,-,-,-,-,-,-,-,-,-,-,-,-,-,-,-,-,-,-,-,-,-,-,-,-,-,-,-,-,-,-,-
外观/防盗,エクステリア・盗難防止,轮圈材质,ホイール材質,● 鋼製,● 鋼製,● アルミ合金,● アルミ合金,● アルミ合金,● 鋼製,● 鋼製,● アルミ合金,● 鋼製,● 鋼製,● 鋼製,● アルミ合金,● アルミ合金,● アルミ合金,● アルミ合金,● アルミ合金,● アルミ合金,● アルミ合金,● アルミ合金,● アルミ合金,● アルミ合金,● アルミ合金,● アルミ合金,● アルミ合金,● 鋼製,● 鋼製,● アルミ合金,● アルミ合金,● アルミ合金,● アルミ合金,● アルミ合金,● アルミ合金,● アルミ合金,● アルミ合金,● アルミ合金,● アルミ合金,● アルミ合金,● 鋼製,● 鋼製,● アルミ合金,● アルミ合金,● アルミ合金,● アルミ合金,● 鋼製,● 鋼製,● 鋼製,● 鋼製,● アルミ合金,● アルミ合金,● アルミ合金,● アルミ合金,● アルミ合金,● 鋼製,● 鋼製,● 鋼製,● 鋼製,● 鋼製,● アルミ合金,● アルミ合金,● アルミ合金,● アルミ合金,● アルミ合金,● アルミ合金,● アルミ合金,● 鋼製,● アルミ合金,● アルミ合金,● アルミ合金,● アルミ合金,● アルミ合金,● アルミ合金,● 鋼製,● 鋼製,● 鋼製,● 鋼製,● アルミ合金,● アルミ合金,● アルミ合金,● アルミ合金,● アルミ合金,● アルミ合金,● アルミ合金,● アルミ合金,● アルミ合金,● アルミ合金,● アルミ合金,● アルミ合金,● アルミ合金,● アルミ合金,● 鋼製,● 鋼製,● アルミ合金,● 鋼製,● アルミ合金,● アルミ合金,● アルミ合金,● アルミ合金,● 鋼製,● アルミ合金,● アルミ合金,● アルミ合金,● アルミ合金,● アルミ合金
外观/防盗,エクステリア・盗難防止,侧滑门形式,スライドドア形式,● 右側手動式,● 右側手動式,● 右側手動式,● 右側手動式,● 右側手動式,● 右側手動式,● 右側手動式,● 右側手動式,● 右側手動式,● 右側手動式,● 右側手動式,● 右側手動式,● 右側手動式,● 右側手動式,● 右側手動式,● 右側手動式,● 右側手動式,● 右側手動式,● 右側手動式,● 右側手動式,● 右側手動式,● 右側手動式,● 右側手動式,● 右側手動式,● 右側手動式,● 右側手動式,● 右側手動式,● 右側手動式,● 右側手動式,● 右側手動式,● 右側手動式,● 右側手動式,● 右側手動式,● 右側手動式,● 右側手動式,● 右側手動式,● 右側手動式,● 右側手動式,● 右側手動式,● 右側手動式,● 右側手動式,● 右側手動式,● 右側手動式,● 右側手動式,● 右側手動式,● 右側手動式,● 右側手動式,● 右側手動式,● 右側手動式,● 右側手動式,● 右側手動式,● 右側手動式,● 右側手動式,● 右側手動式,● 右側手動式,● 右側手動式,● 右側手動式,● 右側手動式,● 右側手動式,● 右側手動式,● 右側手動式,● 右側手動式,● 右側手動式,● 右側手動式,● 右側手動式,● 右側手動式,● 右側手動式,● 右側手動式,● 右側手動式,● 右側手動式,● 右側手動式,● 右側手動式,● 右側手動式,● 右側手動式,● 右側手動式,● 右側手動式,● 右側手動式,● 右側手動式,● 右側手動式,● 右側手動式,● 右側手動式,● 右側手動式,● 右側手動式,● 右側手動式,● 右側手動式,● 右側手動式,● 右側手動式,● 右側手動式,● 右側手動式,● 右側手動式,● 右側手動式,● 右側手動式,● 右側手動式,● 右側手動式,● 右側手動式,● 右側手動式,● 右側手動式,● 右側手動式,● 右側手動式,● 右側手動式,● 右側手動式,● 右側手動式,● 右側手動式
外观/防盗,エクステリア・盗難防止,电动后备厢,パワーテールゲート,-,-,-,-,-,-,-,-,-,-,-,-,-,-,-,-,-,-,-,-,-,-,-,-,-,-,-,-,-,-,-,-,-,-,-,-,-,-,-,-,-,-,-,-,-,-,-,-,-,-,-,-,-,-,-,-,-,-,-,-,-,-,-,-,-,-,-,-,-,-,-,-,-,-,-,-,-,-,-,-,-,-,-,-,-,-,-,-,-,-,-,-,-,-,-,-,●,-,-,-,-,-,-
外观/防盗,エクステリア・盗難防止,发动机电子防盗,エンジン電子盗難防止装置,-,-,-,-,-,-,-,-,-,-,-,-,-,-,●,●,-,-,●,●,-,-,-,-,-,-,-,-,-,-,-,●,●,-,-,-,-,-,-,-,-,-,-,-,-,-,-,-,-,-,-,-,-,-,-,-,-,-,-,-,-,-,-,-,-,-,-,-,-,-,-,-,-,-,-,-,-,-,-,●,●,●,●,●,●,●,●,●,-,-,-,-,-,-,●,●,-,-,-,-,-,-,-
外观/防盗,エクステリア・盗難防止,车内中控锁,集中ドアロック,●,●,●,●,●,●,●,●,●,●,●,●,●,●,●,●,●,●,●,●,●,●,●,●,●,●,●,●,●,●,●,●,●,●,●,●,●,●,●,●,●,●,●,●,●,●,●,●,●,●,●,●,●,●,●,●,●,●,●,●,●,●,●,●,●,●,●,●,●,●,●,●,●,●,●,●,●,●,●,●,●,●,●,●,●,●,●,●,●,●,●,●,●,●,●,●,●,●,●,●,●,●,●
外观/防盗,エクステリア・盗難防止,钥匙类型,キー種類,● リモコンキー,● リモコンキー,● リモコンキー,● リモコンキー,● リモコンキー,● リモコンキー,● リモコンキー,● リモコンキー,● リモコンキー,● リモコンキー,● リモコンキー,● リモコンキー,● リモコンキー,● リモコンキー,● リモコンキー,● リモコンキー,● リモコンキー,● リモコンキー,● リモコンキー,● リモコンキー,● リモコンキー,● リモコンキー,● リモコンキー,● リモコンキー,● リモコンキー,● リモコンキー,● リモコンキー,● リモコンキー,● リモコンキー,● リモコンキー,● リモコンキー,● リモコンキー,● リモコンキー,● リモコンキー,● リモコンキー,● リモコンキー,● リモコンキー,● リモコンキー,● リモコンキー,● リモコンキー,● リモコンキー,● リモコンキー,● リモコンキー,● リモコンキー,● リモコンキー,● リモコンキー,● リモコンキー,● リモコンキー,● リモコンキー,● リモコンキー,● リモコンキー,● リモコンキー,● リモコンキー,● リモコンキー,● リモコンキー,● リモコンキー,● リモコンキー,● リモコンキー,● リモコンキー,● リモコンキー,● リモコンキー,● リモコンキー,● リモコンキー,● リモコンキー,● リモコンキー,● リモコンキー,● リモコンキー,● リモコンキー,● リモコンキー,● リモコンキー,● リモコンキー,● リモコンキー,● リモコンキー,● リモコンキー,● リモコンキー,● リモコンキー,● リモコンキー,● リモコンキー,● リモコンキー,● リモコンキー,● リモコンキー,● リモコンキー,● リモコンキー,● リモコンキー,● リモコンキー,● リモコンキー,● リモコンキー,● リモコンキー,● リモコンキー,● リモコンキー,● リモコンキー,● リモコンキー,● リモコンキー,● リモコンキー,● リモコンキー,● リモコンキー,● リモコンキー,● リモコンキー,● リモコンキー,● リモコンキー,● リモコンキー,● リモコンキー,● リモコンキー
外观/防盗,エクステリア・盗難防止,无钥匙启动系统,キーレススタート,-,-,-,-,-,-,-,-,-,-,-,-,-,-,●,●,-,-,●,●,●,●,●,●,-,-,-,-,-,-,-,●,●,●,●,●,●,-,-,-,-,-,-,-,-,-,-,-,-,-,-,-,-,-,-,-,-,-,-,-,-,-,-,-,-,-,-,-,-,-,-,-,-,-,-,-,-,-,-,●,●,●,●,●,●,●,●,●,-,-,-,-,-,-,●,●,●,-,-,-,-,-,-
外观/防盗,エクステリア・盗難防止,无钥匙进入功能,キーレスエントリー機能,-,-,-,-,-,-,-,-,-,-,-,-,-,-,● 運転席,● 運転席,-,-,● 運転席,● 運転席,● 運転席,● 運転席,● 運転席,● 運転席,-,-,-,-,-,-,-,● 運転席,● 運転席,● 運転席,● 運転席,● 運転席,● 運転席,-,-,-,-,-,-,-,-,-,-,-,-,-,-,-,-,-,-,-,-,-,-,-,-,-,-,-,-,-,-,-,-,-,-,-,-,-,-,-,-,-,-,●,●,●,●,●,●,●,●,●,-,-,-,-,-,-,●,●,●,-,-,-,-,-,-
车外灯光,外部照明,近光灯光源,ロービーム光源,● ハロゲン,● ハロゲン,● ハロゲン,● ハロゲン,● ハロゲン,● ハロゲン,● ハロゲン,● ハロゲン,● ハロゲン,● ハロゲン,● ハロゲン,● ハロゲン,● ハロゲン,● ハロゲン,● ハロゲン,● ハロゲン,● ハロゲン,● ハロゲン,● ハロゲン,● ハロゲン,● ハロゲン,● ハロゲン,● ハロゲン,● ハロゲン,● ハロゲン,● ハロゲン,● ハロゲン,● ハロゲン,● ハロゲン,● ハロゲン,● ハロゲン,● ハロゲン,● ハロゲン,● ハロゲン,● ハロゲン,● ハロゲン,● ハロゲン,● ハロゲン,● ハロゲン,● ハロゲン,● ハロゲン,● ハロゲン,● ハロゲン,● ハロゲン,● ハロゲン,● ハロゲン,● ハロゲン,● ハロゲン,● ハロゲン,● ハロゲン,● ハロゲン,● ハロゲン,● ハロゲン,● ハロゲン,● ハロゲン,● ハロゲン,● ハロゲン,● ハロゲン,● ハロゲン,● ハロゲン,● ハロゲン,● ハロゲン,● ハロゲン,● ハロゲン,● ハロゲン,● ハロゲン,● ハロゲン,● ハロゲン,● ハロゲン,● ハロゲン,● ハロゲン,● ハロゲン,● ハロゲン,● ハロゲン,● ハロゲン,● ハロゲン,● ハロゲン,● ハロゲン,● ハロゲン,● ハロゲン,● ハロゲン,● ハロゲン,● ハロゲン,● ハロゲン,● ハロゲン,● ハロゲン,● ハロゲン,● ハロゲン,● ハロゲン,● ハロゲン,● ハロゲン,● ハロゲン,● ハロゲン,● ハロゲン,● ハロゲン,● ハロゲン,● ハロゲン,● ハロゲン,● ハロゲン,● ハロゲン,● ハロゲン,● ハロゲン,● ハロゲン
车外灯光,外部照明,远光灯光源,ハイビーム光源,● ハロゲン,● ハロゲン,● ハロゲン,● ハロゲン,● ハロゲン,● ハロゲン,● ハロゲン,● ハロゲン,● ハロゲン,● ハロゲン,● ハロゲン,● ハロゲン,● ハロゲン,● ハロゲン,● ハロゲン,● ハロゲン,● ハロゲン,● ハロゲン,● ハロゲン,● ハロゲン,● ハロゲン,● ハロゲン,● ハロゲン,● ハロゲン,● ハロゲン,● ハロゲン,● ハロゲン,● ハロゲン,● ハロゲン,● ハロゲン,● ハロゲン,● ハロゲン,● ハロゲン,● ハロゲン,● ハロゲン,● ハロゲン,● ハロゲン,● ハロゲン,● ハロゲン,● ハロゲン,● ハロゲン,● ハロゲン,● ハロゲン,● ハロゲン,● ハロゲン,● ハロゲン,● ハロゲン,● ハロゲン,● ハロゲン,● ハロゲン,● ハロゲン,● ハロゲン,● ハロゲン,● ハロゲン,● ハロゲン,● ハロゲン,● ハロゲン,● ハロゲン,● ハロゲン,● ハロゲン,● ハロゲン,● ハロゲン,● ハロゲン,● ハロゲン,● ハロゲン,● ハロゲン,● ハロゲン,● ハロゲン,● ハロゲン,● ハロゲン,● ハロゲン,● ハロゲン,● ハロゲン,● ハロゲン,● ハロゲン,● ハロゲン,● ハロゲン,● ハロゲン,● ハロゲン,● ハロゲン,● ハロゲン,● ハロゲン,● ハロゲン,● ハロゲン,● ハロゲン,● ハロゲン,● ハロゲン,● ハロゲン,● ハロゲン,● ハロゲン,● ハロゲン,● ハロゲン,● ハロゲン,● ハロゲン,● ハロゲン,● ハロゲン,● ハロゲン,● ハロゲン,● ハロゲン,● ハロゲン,● ハロゲン,● ハロゲン,● ハロゲン
车外灯光,外部照明,LED日间行车灯,LEDデイタイムランニングライト,-,-,●,○,●,-,-,●,-,-,-,●,●,●,-,-,●,●,●,●,●,●,●,●,-,-,●,●,●,●,●,●,●,●,●,●,●,-,-,●,●,●,●,-,-,-,-,●,●,●,●,●,-,-,-,-,-,-,-,-,●,●,●,●,-,○,○,○,○,○,○,-,-,-,-,○,○,○,○,○,○,●,●,●,●,●,●,-,●,-,-,-,-,●,●,●,-,-,●,●,-,-,●
车外灯光,外部照明,自适应远近光,アダプティブハイビーム,-,-,-,-,-,-,-,-,-,-,-,-,-,-,-,-,-,-,-,-,-,-,-,-,-,-,-,-,-,-,-,-,-,-,-,-,-,-,-,-,-,-,-,-,-,-,-,-,-,-,-,-,-,-,-,-,-,-,-,-,-,-,-,-,-,-,-,-,-,-,-,-,-,-,-,-,-,-,-,-,-,-,-,-,-,●,●,-,-,-,-,-,-,-,-,-,-,-,-,-,-,-,-
车外灯光,外部照明,自动头灯,オートヘッドライト,-,-,●,○,●,-,-,●,-,-,-,●,●,●,-,-,●,●,●,●,●,●,●,●,-,-,●,●,●,●,●,●,●,●,●,●,●,-,-,●,●,●,●,-,-,-,-,●,●,●,●,●,-,-,-,-,-,-,-,-,●,●,●,●,-,○,○,○,○,○,○,-,-,-,-,○,○,○,○,○,○,●,●,●,●,●,●,-,●,-,-,-,-,-,-,-,-,-,●,●,-,-,-
车外灯光,外部照明,转向辅助灯,コーナリングランプ,-,-,●,○,●,-,-,●,-,-,-,●,●,●,-,-,●,●,●,●,●,●,●,●,-,-,●,●,●,●,●,●,●,●,●,●,●,-,-,●,●,●,●,-,-,-,-,●,●,●,●,●,-,-,-,-,-,-,-,-,●,●,●,●,-,○,○,○,○,○,○,-,-,-,-,○,○,○,○,○,○,●,●,-,-,●,●,-,●,-,-,-,-,-,-,-,-,-,●,●,-,-,-
车外灯光,外部照明,车前雾灯,フロントフォグランプ,-,-,●,○ ハロゲン,●,-,-,●,-,-,-,●,●,●,-,-,-,-,●,●,●,●,●,●,-,-,●,●,●,●,●,●,●,●,●,●,●,-,-,●,●,●,●,-,-,-,-,●,●,●,●,●,-,-,-,-,-,-,-,-,●,●,●,●,-,○ ハロゲン,○ ハロゲン,○ ハロゲン,○,○,○,-,-,-,-,○,○,○,○,○,○,●,●,● ハロゲン,● ハロゲン,●,●,-,●,-,-,-,-,● ハロゲン,● ハロゲン,● ハロゲン,-,-,● ハロゲン,● ハロゲン,-,-,● ハロゲン
车外灯光,外部照明,大灯高度可调,ヘッドライトレベライザー,●,●,●,●,●,●,●,●,●,●,●,●,●,●,●,●,●,●,●,●,●,●,●,●,●,●,●,●,●,●,●,●,●,●,●,●,●,●,●,●,●,●,●,●,●,●,●,●,●,●,●,●,●,●,●,●,●,●,●,●,●,●,●,●,●,●,●,●,●,●,●,●,●,●,●,●,●,●,●,●,●,●,●,●,●,●,●,●,●,●,●,●,●,●,●,●,●,●,●,●,●,●,●
车外灯光,外部照明,大灯延时关闭,ヘッドライト遅延消灯機能,●,●,●,●,●,●,●,●,●,●,●,●,●,●,●,●,●,●,●,●,●,●,●,●,●,●,●,●,●,●,●,●,●,●,●,●,●,●,●,●,●,●,●,●,●,●,●,●,●,●,●,●,●,●,●,●,●,●,●,●,●,●,●,●,●,●,●,●,●,●,●,●,●,●,●,●,●,●,●,●,●,●,●,●,●,●,●,●,●,●,●,●,●,●,●,●,●,●,●,●,●,●,●
天窗/玻璃,サンルーフ・ガラス,天窗类型,サンルーフ種類,-,-,-,-,-,-,-,-,-,-,-,-,-,-,-,-,-,-,-,-,-,-,-,-,-,-,-,-,-,-,-,-,-,-,-,-,-,-,-,-,-,-,-,-,-,-,-,-,-,-,-,-,-,-,-,-,-,-,-,-,-,-,-,-,-,-,-,-,-,-,-,-,-,-,-,-,-,-,-,-,-,-,-,-,-,-,-,-,-,-,-,-,-,-,-,-,-,-,-,-,-,-,-
天窗/玻璃,サンルーフ・ガラス,前/后电动车窗,前/後パワーウィンドウ,前席 ● / 後席,前席 ● / 後席,前席 ● / 後席,前席 ● / 後席,前席 ● / 後席,前席 ● / 後席,前席 ● / 後席,前席 ● / 後席,前席 ● / 後席,前席 ● / 後席,前席 ● / 後席,前席 ● / 後席,前席 ● / 後席,前席 ● / 後席,前席 ● / 後席,前席 ● / 後席,前席 ● / 後席,前席 ● / 後席,前席 ● / 後席,前席 ● / 後席,前席 ● / 後席,前席 ● / 後席,前席 ● / 後席,前席 ● / 後席,前席 ● / 後席,前席 ● / 後席,前席 ● / 後席,前席 ● / 後席,前席 ● / 後席,前席 ● / 後席,前席 ● / 後席,前席 ● / 後席,前席 ● / 後席,前席 ● / 後席,前席 ● / 後席,前席 ● / 後席,前席 ● / 後席,前席 ● / 後席,前席 ● / 後席,前席 ● / 後席,前席 ● / 後席,前席 ● / 後席,前席 ● / 後席,前席 ● / 後席,前席 ● / 後席,前席 ● / 後席,前席 ● / 後席,前席 ● / 後席,前席 ● / 後席,前席 ● / 後席,前席 ● / 後席,前席 ● / 後席,前席 ● / 後席,前席 ● / 後席,前席 ● / 後席,前席 ● / 後席,前席 ● / 後席,前席 ● / 後席,前席 ● / 後席,前席 ● / 後席,前席 ● / 後席,前席 ● / 後席,前席 ● / 後席,前席 ● / 後席,前席 ● / 後席,前席 ● / 後席,前席 ● / 後席,前席 ● / 後席,前席 ● / 後席,前席 ● / 後席,前席 ● / 後席,前席 ● / 後席,前席 ● / 後席,前席 ● / 後席,前席 ● / 後席,前席 ● / 後席,前席 ● / 後席,前席 ● / 後席,前席 ● / 後席,前席 ● / 後席,前席 ● / 後席,前席 ● / 後席,前席 ● / 後席,前席 ● / 後席,前席 ● / 後席,前席 ● / 後席,前席 ● / 後席,前席 ● / 後席,前席 ● / 後席,前席 ● / 後席,前席 ● / 後席,前席 ● / 後席,前席 ● / 後席,前席 ● / 後席,前席 ● / 後席,前席 ● / 後席,前席 ● / 後席,前席 ● / 後席,前席 ● / 後席,前席 ● / 後席,前席 ● / 後席,前席 ● / 後席,前席 ● / 後席
天窗/玻璃,サンルーフ・ガラス,车窗一键升降功能,パワーウィンドウワンタッチアップ／ダウン機能,-,-,-,-,-,-,-,-,-,-,-,-,-,-,● 前席,● 前席,-,-,● 前席,● 前席,● 前席,● 前席,● 前席,● 前席,-,-,-,-,-,-,-,● 前席,● 前席,● 前席,● 前席,● 前席,● 前席,-,-,-,-,-,-,-,-,-,-,-,-,-,-,-,-,-,-,-,-,-,-,-,-,-,-,-,-,-,-,-,-,-,-,-,-,-,-,-,-,-,-,● 前席,● 前席,● 前席,● 前席,● 前席,● 前席,● 前席,● 前席,● 前席,-,-,-,-,-,-,● 前席,● 前席,● 前席,-,-,-,-,-,-
天窗/玻璃,サンルーフ・ガラス,车窗防夹手功能,パワーウィンドウ挟み込み防止機能,-,-,-,-,-,-,-,-,-,-,-,-,-,-,●,●,-,-,●,●,●,●,●,●,-,-,-,-,-,-,-,●,●,●,●,●,●,-,-,-,-,-,-,-,-,-,-,-,-,-,-,-,-,-,-,-,-,-,-,-,-,-,-,-,-,-,-,-,-,-,-,-,-,-,-,-,-,-,-,●,●,●,●,●,●,●,●,●,-,-,-,-,-,-,●,●,●,-,-,-,-,-,-
天窗/玻璃,サンルーフ・ガラス,后排侧隐私玻璃,後席側面プライバシーガラス,-,-,●,-,-,-,-,●,-,●,●,-,-,-,-,-,●,●,●,●,●,●,-,-,-,-,●,●,-,-,-,●,●,●,●,-,-,-,-,●,-,-,●,-,-,-,-,●,●,-,-,-,-,-,-,○,○,-,-,-,-,-,-,-,-,○,-,-,○,-,-,-,-,-,-,●,●,-,-,○,○,●,●,-,-,-,-,-,●,-,-,-,-,-,-,-,-,-,-,-,-,-,-
天窗/玻璃,サンルーフ・ガラス,车内化妆镜,車内化粧鏡,-,-,-,-,-,-,-,-,-,-,-,-,-,-,-,-,-,-,-,-,-,-,-,-,-,-,-,-,-,-,-,-,-,-,-,-,-,-,-,-,-,-,-,-,-,-,-,-,-,-,-,-,-,-,-,-,-,-,-,-,● 助手席,● 助手席,● 助手席,● 助手席,-,-,-,-,-,-,-,-,-,-,-,-,-,-,-,-,-,● 助手席,● 助手席,● 助手席,● 助手席,● 助手席,● 助手席,-,● 助手席,-,-,-,-,-,● 助手席,● 助手席,-,-,● 助手席,● 助手席,-,-,● 助手席
天窗/玻璃,サンルーフ・ガラス,后雨刷,リヤワイパー,-,-,-,-,-,-,-,-,-,-,-,-,-,-,-,-,-,-,-,-,●,●,●,●,-,-,-,-,-,-,-,-,-,●,●,●,●,-,-,-,-,-,-,-,-,-,-,-,-,-,-,-,-,-,-,-,-,-,-,-,●,●,●,●,-,-,-,-,-,-,-,-,-,-,-,-,-,-,-,-,-,●,●,●,●,●,●,-,●,-,-,-,-,-,●,●,-,-,●,●,-,-,●
天窗/玻璃,サンルーフ・ガラス,感应雨刷功能,レインセンサー式ワイパー,-,-,-,-,-,-,-,-,-,-,-,-,-,-,-,-,-,-,-,-,-,-,-,-,-,-,-,-,-,-,-,-,-,-,-,-,-,-,-,-,-,-,-,-,-,-,-,-,-,-,-,-,-,-,-,-,-,-,-,-,-,-,-,-,-,-,-,-,-,-,-,-,-,-,-,-,-,-,-,-,-,-,-,-,-,-,-,-,-,-,-,-,-,-,-,-,-,-,-,-,-,-,-
外后视镜,外側ドアミラー,外后视镜功能,ドアミラー機能,-,-,"● 電動調整
● ドアミラー加熱","● 電動調整
● ドアミラー加熱","● 電動調整
● ドアミラー加熱",-,-,"● 電動調整
● ドアミラー加熱",-,"● 電動調整
● ドアミラー加熱","● 電動調整
● ドアミラー加熱","● 電動調整
● ドアミラー加熱","● 電動調整
● ドアミラー加熱","● 電動調整
● ドアミラー加熱","● 電動調整
● ドアミラー加熱","● 電動調整
● ドアミラー加熱","● 電動格納
● ドアミラー加熱","● 電動格納
● ドアミラー加熱","● 電動調整
● ドアミラー加熱","● 電動調整
● ドアミラー加熱","● 電動調整
● ドアミラー加熱","● 電動調整
● ドアミラー加熱","● 電動調整
● ドアミラー加熱","● 電動調整
● ドアミラー加熱",-,-,"● 電動調整
● ドアミラー加熱","● 電動調整
● ドアミラー加熱","● 電動調整
● ドアミラー加熱","● 電動調整
● ドアミラー加熱","● 電動調整
● ドアミラー加熱","● 電動調整
● ドアミラー加熱","● 電動調整
● ドアミラー加熱","● 電動調整
● ドアミラー加熱","● 電動調整
● ドアミラー加熱","● 電動調整
● ドアミラー加熱","● 電動調整
● ドアミラー加熱",-,-,"● 電動調整
● ドアミラー加熱","● 電動調整
● ドアミラー加熱","● 電動調整
● ドアミラー加熱","● 電動調整
● ドアミラー加熱",-,-,-,-,"● 電動調整
● ドアミラー加熱","● 電動調整
● ドアミラー加熱","● 電動調整
● ドアミラー加熱","● 電動調整
● ドアミラー加熱","● 電動調整
● ドアミラー加熱",-,-,-,"● 電動調整
● ドアミラー加熱","● 電動調整
● ドアミラー加熱","● 電動調整
● ドアミラー加熱","● 電動調整
● ドアミラー加熱","● 電動調整
● ドアミラー加熱","● 電動調整
● ドアミラー加熱","● 電動調整
● ドアミラー加熱","● 電動調整
● ドアミラー加熱","● 電動調整
● ドアミラー加熱",-,"● 電動調整
● ドアミラー加熱","● 電動調整
● ドアミラー加熱","● 電動調整
● ドアミラー加熱","● 電動調整
● ドアミラー加熱","● 電動調整
● ドアミラー加熱","● 電動調整
● ドアミラー加熱",-,-,-,-,"● 電動調整
● ドアミラー加熱","● 電動調整
● ドアミラー加熱","● 電動調整
● ドアミラー加熱","● 電動調整
● ドアミラー加熱",● 電動調整,● 電動調整,"● 電動調整
● ドアミラー加熱","● 電動調整
● ドアミラー加熱","● 電動調整
● ドアミラー加熱","● 電動調整
● ドアミラー加熱","● 電動調整
● ドアミラー加熱","● 電動調整
● ドアミラー加熱",● 電動調整,"● 電動調整
● ドアミラー加熱",-,-,● 電動調整,-,-,"● 電動調整
● ドアミラー加熱","● 電動調整
● ドアミラー加熱",● 電動調整,-,"● 電動調整
● ドアミラー加熱","● 電動調整
● ドアミラー加熱",● 電動調整,● 電動調整,"● 電動調整
● ドアミラー加熱"
互联/智能化,互联/智能化,中控彩色屏幕,センターカラーディスプレイ,○ タッチ液晶画面（3000元）,○ タッチ液晶画面（3000元）,● タッチ液晶画面,● タッチ液晶画面,● タッチ液晶画面,○ タッチ液晶画面（3000元）,○ タッチ液晶画面（3000元）,● タッチ液晶画面,● タッチ液晶画面,● タッチ液晶画面,● タッチ液晶画面,● タッチ液晶画面,● タッチ液晶画面,● タッチ液晶画面,● タッチ液晶画面,● タッチ液晶画面,● タッチ液晶画面,● タッチ液晶画面,● タッチ液晶画面,● タッチ液晶画面,● タッチ液晶画面,● タッチ液晶画面,● タッチ液晶画面,● タッチ液晶画面,● タッチ液晶画面,○ タッチ液晶画面（3000元）,● タッチ液晶画面,● タッチ液晶画面,● タッチ液晶画面,● タッチ液晶画面,● タッチ液晶画面,● タッチ液晶画面,● タッチ液晶画面,● タッチ液晶画面,● タッチ液晶画面,● タッチ液晶画面,● タッチ液晶画面,○ タッチ液晶画面（3000元）,○ タッチ液晶画面（3000元）,● タッチ液晶画面,● タッチ液晶画面,● タッチ液晶画面,● タッチ液晶画面,○ タッチ液晶画面（3000元）,○ タッチ液晶画面（3000元）,● タッチ液晶画面,○ タッチ液晶画面（3000元）,● タッチ液晶画面,● タッチ液晶画面,● タッチ液晶画面,● タッチ液晶画面,● タッチ液晶画面,○ タッチ液晶画面,○ タッチ液晶画面,○ タッチ液晶画面,○ タッチ液晶画面,○ タッチ液晶画面,● タッチ液晶画面,● タッチ液晶画面,● タッチ液晶画面,● タッチ液晶画面,● タッチ液晶画面,● タッチ液晶画面,● タッチ液晶画面,○ タッチ液晶画面,● タッチ液晶画面,● タッチ液晶画面,● タッチ液晶画面,● タッチ液晶画面,● タッチ液晶画面,● タッチ液晶画面,○ タッチ液晶画面,○ タッチ液晶画面,○ タッチ液晶画面,○ タッチ液晶画面,● タッチ液晶画面,● タッチ液晶画面,● タッチ液晶画面,● タッチ液晶画面,● タッチ液晶画面,● タッチ液晶画面,● タッチ液晶画面,● タッチ液晶画面,● タッチ液晶画面,● タッチ液晶画面,● タッチ液晶画面,● タッチ液晶画面,● タッチ液晶画面,● タッチ液晶画面,-,-,● タッチ液晶画面,-,● タッチ液晶画面,● タッチ液晶画面,● タッチ液晶画面,● タッチ液晶画面,-,● タッチ液晶画面,● タッチ液晶画面,● タッチ液晶画面,● タッチ液晶画面,● タッチ液晶画面
互联/智能化,互联/智能化,中控屏幕尺寸,センターディスプレイサイズ,○ 10.25インチ,○ 10.25インチ,● 10.25インチ,● 10.25インチ,● 10.25インチ,○ 10.25インチ,○ 10.25インチ,● 10.25インチ,● 10.25インチ,● 10.25インチ,● 10.25インチ,● 10.25インチ,● 10.25インチ,● 10.25インチ,● 10.25インチ,● 10.25インチ,● 10.25インチ,● 10.25インチ,● 10.25インチ,● 10.25インチ,● 10.25インチ,● 10.25インチ,● 10.25インチ,● 10.25インチ,● 10.25インチ,○ 10.25インチ,● 10.25インチ,● 10.25インチ,● 10.25インチ,● 10.25インチ,● 10.25インチ,● 10.25インチ,● 10.25インチ,● 10.25インチ,● 10.25インチ,● 10.25インチ,● 10.25インチ,○ 10.25インチ,○ 10.25インチ,● 10.25インチ,● 10.25インチ,● 10.25インチ,● 10.25インチ,○ 10.25インチ,○ 10.25インチ,● 10.25インチ,○ 10.25インチ,● 10.25インチ,● 10.25インチ,● 10.25インチ,● 10.25インチ,● 10.25インチ,○ 10.25インチ,○ 10.25インチ,○ 10.25インチ,○ 10.25インチ,○ 10.25インチ,● 10.25インチ,● 10.25インチ,● 10.25インチ,● 10.25インチ,● 10.25インチ,● 10.25インチ,● 10.25インチ,○ 10.25インチ,● 10.25インチ,● 10.25インチ,● 10.25インチ,● 10.25インチ,● 10.25インチ,● 10.25インチ,○ 10.25インチ,○ 10.25インチ,○ 10.25インチ,○ 10.25インチ,● 10.25インチ,● 10.25インチ,● 10.25インチ,● 10.25インチ,● 10.25インチ,● 10.25インチ,● 10.25インチ,● 10.25インチ,● 10.25インチ,● 10.25インチ,● 10.25インチ,● 10.25インチ,● 7インチ,● 10.25インチ,-,-,● 7インチ,-,● 10.25インチ,● 10.25インチ,● 10.25インチ,● 7インチ,-,● 10.25インチ,● 10.25インチ,● 7インチ,● 7インチ,● 10.25インチ
互联/智能化,互联/智能化,蓝牙/车载电话,Bluetooth／車載電話,○,○,●,●,●,○,○,●,●,●,●,●,●,●,●,●,●,●,●,●,●,●,●,●,●,○,●,●,●,●,●,●,●,●,●,●,●,○,○,●,●,●,●,○,○,●,○,●,●,●,●,●,○,○,○,○,○,●,●,●,●,●,●,●,○,●,●,●,●,●,●,○,○,○,○,●,●,●,●,●,●,●,●,●,●,●,●,●,●,-,-,●,-,●,●,●,●,-,●,●,●,●,●
互联/智能化,互联/智能化,手机互联/映射,スマホ連携/ミラーリング,○ 純正連携/ミラーリング,○ 純正連携/ミラーリング,● 純正連携/ミラーリング,● 純正連携/ミラーリング,● 純正連携/ミラーリング,○ 純正連携/ミラーリング,○ 純正連携/ミラーリング,● 純正連携/ミラーリング,● 純正連携/ミラーリング,● 純正連携/ミラーリング,● 純正連携/ミラーリング,● 純正連携/ミラーリング,● 純正連携/ミラーリング,● 純正連携/ミラーリング,● 純正連携/ミラーリング,● 純正連携/ミラーリング,●,●,● 純正連携/ミラーリング,● 純正連携/ミラーリング,● 純正連携/ミラーリング,● 純正連携/ミラーリング,● 純正連携/ミラーリング,● 純正連携/ミラーリング,● 純正連携/ミラーリング,○ 純正連携/ミラーリング,● 純正連携/ミラーリング,● 純正連携/ミラーリング,● 純正連携/ミラーリング,● 純正連携/ミラーリング,● 純正連携/ミラーリング,● 純正連携/ミラーリング,● 純正連携/ミラーリング,● 純正連携/ミラーリング,● 純正連携/ミラーリング,● 純正連携/ミラーリング,● 純正連携/ミラーリング,○ 純正連携/ミラーリング,○ 純正連携/ミラーリング,● 純正連携/ミラーリング,● 純正連携/ミラーリング,● 純正連携/ミラーリング,● 純正連携/ミラーリング,○ 純正連携/ミラーリング,○ 純正連携/ミラーリング,● 純正連携/ミラーリング,○ 純正連携/ミラーリング,● 純正連携/ミラーリング,● 純正連携/ミラーリング,● 純正連携/ミラーリング,● 純正連携/ミラーリング,● 純正連携/ミラーリング,○ 純正連携/ミラーリング,○ 純正連携/ミラーリング,○ 純正連携/ミラーリング,○ 純正連携/ミラーリング,○ 純正連携/ミラーリング,● 純正連携/ミラーリング,● 純正連携/ミラーリング,● 純正連携/ミラーリング,● 純正連携/ミラーリング,● 純正連携/ミラーリング,● 純正連携/ミラーリング,● 純正連携/ミラーリング,○ 純正連携/ミラーリング,● 純正連携/ミラーリング,● 純正連携/ミラーリング,● 純正連携/ミラーリング,● 純正連携/ミラーリング,● 純正連携/ミラーリング,● 純正連携/ミラーリング,○ 純正連携/ミラーリング,○ 純正連携/ミラーリング,○ 純正連携/ミラーリング,○ 純正連携/ミラーリング,● 純正連携/ミラーリング,● 純正連携/ミラーリング,● 純正連携/ミラーリング,● 純正連携/ミラーリング,● 純正連携/ミラーリング,● 純正連携/ミラーリング,● 純正連携/ミラーリング,● 純正連携/ミラーリング,● 純正連携/ミラーリング,● 純正連携/ミラーリング,● 純正連携/ミラーリング,● 純正連携/ミラーリング,● 純正連携/ミラーリング,● 純正連携/ミラーリング,-,-,● 純正連携/ミラーリング,-,● 純正連携/ミラーリング,● 純正連携/ミラーリング,● 純正連携/ミラーリング,● 純正連携/ミラーリング,-,● 純正連携/ミラーリング,● 純正連携/ミラーリング,● 純正連携/ミラーリング,● 純正連携/ミラーリング,● 純正連携/ミラーリング
互联/智能化,互联/智能化,语音识别控制系统,音声認識操作,-,-,-,-,-,-,-,-,-,-,-,-,-,-,-,-,-,-,-,-,●,●,●,●,-,-,-,-,-,-,-,-,-,●,●,●,●,-,-,-,-,-,-,-,-,-,-,-,-,-,-,-,-,-,-,-,-,-,-,-,●,●,●,●,-,-,-,-,-,-,-,-,-,-,-,-,-,-,-,●,●,●,●,●,●,●,●,-,●,-,-,-,-,●,●,●,-,-,●,●,-,-,●
互联/智能化,互联/智能化,车联网,コネクテッドカー機能,-,-,-,-,-,-,-,-,-,-,-,-,-,-,-,-,-,-,-,-,-,-,-,-,-,-,-,-,-,-,-,-,-,-,-,-,-,-,-,-,-,-,-,-,-,-,-,-,-,-,-,-,-,-,-,-,-,-,-,-,-,-,-,-,-,-,-,-,-,-,-,-,-,-,-,-,-,-,-,-,-,-,-,-,-,-,-,-,-,-,-,-,-,-,-,-,-,-,-,-,-,-,-
互联/智能化,互联/智能化,OTA升级,OTAアップデート,-,-,-,-,-,-,-,-,-,-,-,-,-,-,-,-,-,-,-,-,-,-,-,-,-,-,-,-,-,-,-,-,-,-,-,-,-,-,-,-,-,-,-,-,-,-,-,-,-,-,-,-,-,-,-,-,-,-,-,-,-,-,-,-,-,-,-,-,-,-,-,-,-,-,-,-,-,-,-,-,-,-,-,-,-,-,-,-,-,-,-,-,-,-,-,-,-,-,-,-,-,-,-
互联/智能化,互联/智能化,Wi-Fi热点,Wi-Fiホットスポット,-,-,-,●,-,-,○,-,-,-,-,-,-,-,-,-,-,-,-,-,●,●,●,●,-,-,-,-,-,-,-,-,-,●,●,●,●,-,-,-,-,-,-,-,○,-,-,-,-,-,-,-,-,-,-,-,-,-,-,-,-,-,-,-,○,●,●,●,●,●,●,○,○,○,○,●,●,●,●,●,●,●,●,-,-,●,●,-,-,-,-,-,-,-,-,-,-,-,-,-,-,-,-
方向盘/内后视镜,ステアリング・内側ミラー,方向盘材质,ステアリング素材,● プラスチック,● プラスチック,● レザー調,● レザー調,● プラスチック,● プラスチック,● レザー調,● レザー調,● レザー調,● レザー調,● レザー調,● レザー調,● レザー調,● レザー調,● レザー調,● レザー調,● レザー調,● レザー調,● レザー調,● レザー調,● レザー調,● レザー調,● レザー調,● レザー調,● レザー調,● プラスチック,● レザー調,● レザー調,● レザー調,● レザー調,● レザー調,● レザー調,● レザー調,● レザー調,● レザー調,● レザー調,● レザー調,● レザー調,● レザー調,● レザー調,● レザー調,● レザー調,● レザー調,● レザー調,● レザー調,● レザー調,● レザー調,● レザー調,● レザー調,● レザー調,● レザー調,● レザー調,● プラスチック,● プラスチック,● プラスチック,● プラスチック,● プラスチック,● レザー調,● レザー調,● レザー調,● レザー調,● レザー調,● レザー調,● レザー調,● プラスチック,● レザー調,● レザー調,● レザー調,● レザー調,● レザー調,● レザー調,● プラスチック,● プラスチック,● プラスチック,● プラスチック,● レザー調,● レザー調,● レザー調,● プラスチック,● レザー調,● レザー調,● レザー調,● レザー調,● レザー調,● レザー調,● レザー調,● レザー調,● レザー調,● レザー調,● プラスチック,● プラスチック,● レザー調,● プラスチック,● レザー調,● プラスチック,● プラスチック,● レザー調,● プラスチック,● レザー調,● レザー調,● レザー調,● レザー調,● レザー調
方向盘/内后视镜,ステアリング・内側ミラー,方向盘位置调节,ステアリング位置調整,● 手動上下調整,● 手動上下調整,● 手動上下調整,● 手動上下調整,● 手動上下調整,● 手動上下調整,● 手動上下調整,● 手動上下調整,● 手動上下調整,● 手動上下調整,● 手動上下調整,● 手動上下調整,● 手動上下調整,● 手動上下調整,● 手動上下調整,● 手動上下調整,● 手動上下調整,● 手動上下調整,● 手動上下調整,● 手動上下調整,● 手動上下調整,● 手動上下調整,● 手動上下調整,● 手動上下調整,● 手動上下調整,● 手動上下調整,● 手動上下調整,● 手動上下調整,● 手動上下調整,● 手動上下調整,● 手動上下調整,● 手動上下調整,● 手動上下調整,● 手動上下調整,● 手動上下調整,● 手動上下調整,● 手動上下調整,● 手動上下調整,● 手動上下調整,● 手動上下調整,● 手動上下調整,● 手動上下調整,● 手動上下調整,● 手動上下調整,● 手動上下調整,● 手動上下調整,● 手動上下調整,● 手動上下調整,● 手動上下調整,● 手動上下調整,● 手動上下調整,● 手動上下調整,● 手動上下調整,● 手動上下調整,● 手動上下調整,● 手動上下調整,● 手動上下調整,● 手動上下調整,● 手動上下調整,● 手動上下調整,● 手動上下調整,● 手動上下調整,● 手動上下調整,● 手動上下調整,● 手動上下調整,● 手動上下調整,● 手動上下調整,● 手動上下調整,● 手動上下調整,● 手動上下調整,● 手動上下調整,● 手動上下調整,● 手動上下調整,● 手動上下調整,● 手動上下調整,● 手動上下調整,● 手動上下調整,● 手動上下調整,● 手動上下調整,● 手動上下調整,● 手動上下調整,● 手動上下調整,● 手動上下調整,● 手動上下調整,● 手動上下調整,● 手動上下調整,● 手動上下調整,● 手動上下調整,● 手動上下調整,● 手動上下調整,● 手動上下調整,● 手動上下調整,● 手動上下調整,● 手動上下調整,● 手動上下調整,● 手動上下調整,● 手動上下調整,● 手動上下調整,● 手動上下調整,● 手動上下調整,● 手動上下調整,● 手動上下調整,● 手動上下調整
方向盘/内后视镜,ステアリング・内側ミラー,换挡形式,シフト形式,● 機械式シフトレバー,● 機械式シフトレバー,● 機械式シフトレバー,● 機械式シフトレバー,● 機械式シフトレバー,● 機械式シフトレバー,● 機械式シフトレバー,● 機械式シフトレバー,● 機械式シフトレバー,● 機械式シフトレバー,● 機械式シフトレバー,● 機械式シフトレバー,● 機械式シフトレバー,● 機械式シフトレバー,● 電子式シフトレバー,● 電子式シフトレバー,● 機械式シフトレバー,● 機械式シフトレバー,● 電子式シフトレバー,● 電子式シフトレバー,● 電子式シフトレバー,● 電子式シフトレバー,● 電子式シフトレバー,● 電子式シフトレバー,● 機械式シフトレバー,● 機械式シフトレバー,● 機械式シフトレバー,● 機械式シフトレバー,● 機械式シフトレバー,● 機械式シフトレバー,● 機械式シフトレバー,● 電子式シフトレバー,● 電子式シフトレバー,● 電子式シフトレバー,● 電子式シフトレバー,● 電子式シフトレバー,● 電子式シフトレバー,● 機械式シフトレバー,● 機械式シフトレバー,● 機械式シフトレバー,● 機械式シフトレバー,● 機械式シフトレバー,● 機械式シフトレバー,● 機械式シフトレバー,● 機械式シフトレバー,● 機械式シフトレバー,● 機械式シフトレバー,● 機械式シフトレバー,● 機械式シフトレバー,● 機械式シフトレバー,● 機械式シフトレバー,● 機械式シフトレバー,● 機械式シフトレバー,● 機械式シフトレバー,● 機械式シフトレバー,● 機械式シフトレバー,● 機械式シフトレバー,● 機械式シフトレバー,● 機械式シフトレバー,● 機械式シフトレバー,● 機械式シフトレバー,● 機械式シフトレバー,● 機械式シフトレバー,● 機械式シフトレバー,● 機械式シフトレバー,● 機械式シフトレバー,● 機械式シフトレバー,● 機械式シフトレバー,● 機械式シフトレバー,● 機械式シフトレバー,● 機械式シフトレバー,● 機械式シフトレバー,● 機械式シフトレバー,● 機械式シフトレバー,● 機械式シフトレバー,● 機械式シフトレバー,● 機械式シフトレバー,● 機械式シフトレバー,● 電子式シフトレバー,● 機械式シフトレバー,● 機械式シフトレバー,● 機械式シフトレバー,● 機械式シフトレバー,● 電子式シフトレバー,● 電子式シフトレバー,● 機械式シフトレバー,● 機械式シフトレバー,● 電子式シフトレバー,● 機械式シフトレバー,● 機械式シフトレバー,● 機械式シフトレバー,● 機械式シフトレバー,● 機械式シフトレバー,● 機械式シフトレバー,● 電子式シフトレバー,● 電子式シフトレバー,● 電子式シフトレバー,● 機械式シフトレバー,● 機械式シフトレバー,● 機械式シフトレバー,● 機械式シフトレバー,● 機械式シフトレバー,● 機械式シフトレバー
方向盘/内后视镜,ステアリング・内側ミラー,多功能方向盘,マルチファンクションステアリング,○,○,●,●,●,○,○,●,●,●,●,●,●,●,●,●,●,●,●,●,●,●,●,●,●,○,●,●,●,●,●,●,●,●,●,●,●,○,○,●,●,●,●,○,○,●,○,●,●,●,●,●,○,○,○,○,○,●,●,●,●,●,●,●,○,●,●,●,●,●,●,○,○,○,○,●,●,●,●,●,●,●,●,●,●,●,●,●,●,-,-,●,-,●,●,●,●,-,●,●,●,●,●
方向盘/内后视镜,ステアリング・内側ミラー,方向盘加热,ステアリングヒーター,-,-,-,-,-,-,-,-,-,-,-,-,-,-,-,-,-,-,-,-,-,-,-,-,-,-,-,-,-,-,-,-,-,-,-,-,-,-,-,-,-,-,-,-,-,-,-,-,-,-,-,-,-,-,-,-,-,-,-,-,-,-,-,-,-,-,-,-,-,-,-,-,-,-,-,-,-,-,-,-,-,-,-,-,-,-,-,-,-,-,-,-,-,-,-,-,-,-,-,-,-,-,-
方向盘/内后视镜,ステアリング・内側ミラー,方向盘记忆,ステアリング位置メモリー,-,-,-,-,-,-,-,-,-,-,-,-,-,-,-,-,-,-,-,-,-,-,-,-,-,-,-,-,-,-,-,-,-,-,-,-,-,-,-,-,-,-,-,-,-,-,-,-,-,-,-,-,-,-,-,-,-,-,-,-,-,-,-,-,-,-,-,-,-,-,-,-,-,-,-,-,-,-,-,-,-,-,-,-,-,-,-,-,-,-,-,-,-,-,-,-,-,-,-,-,-,-,-
方向盘/内后视镜,ステアリング・内側ミラー,行车电脑显示屏幕,ドライブコンピューターディスプレイ,● カラー,● カラー,● カラー,● カラー,● カラー,● カラー,● カラー,● カラー,● カラー,● カラー,● カラー,● カラー,● カラー,● カラー,● カラー,● カラー,● カラー,● カラー,● カラー,● カラー,● カラー,● カラー,● カラー,● カラー,● カラー,● カラー,● カラー,● カラー,● カラー,● カラー,● カラー,● カラー,● カラー,● カラー,● カラー,● カラー,● カラー,● カラー,● カラー,● カラー,● カラー,● カラー,● カラー,● カラー,● カラー,● カラー,● カラー,● カラー,● カラー,● カラー,● カラー,● カラー,● カラー,● カラー,● カラー,● カラー,● カラー,● カラー,● カラー,● カラー,● カラー,● カラー,● カラー,● カラー,● カラー,● カラー,● カラー,● カラー,● カラー,● カラー,● カラー,● カラー,● カラー,● カラー,● カラー,● カラー,● カラー,● カラー,● カラー,● カラー,● カラー,● カラー,● カラー,● カラー,● カラー,● カラー,● カラー,● カラー,● カラー,● カラー,● カラー,● カラー,● カラー,● カラー,● カラー,● カラー,● カラー,● カラー,● カラー,● カラー,● カラー,● カラー,● カラー
方向盘/内后视镜,ステアリング・内側ミラー,全液晶仪表盘,フル液晶メーター,●,●,●,●,●,●,●,●,-,-,-,-,-,-,●,●,●,●,●,●,●,●,●,●,●,●,●,●,●,●,●,●,●,●,●,●,●,●,●,●,●,●,●,●,●,●,●,●,●,●,●,●,●,●,●,●,●,●,●,●,●,●,●,●,●,●,●,●,●,●,●,●,●,●,●,●,●,●,●,●,●,●,●,●,●,●,●,●,●,-,-,-,-,●,●,●,●,-,●,●,-,-,●
方向盘/内后视镜,ステアリング・内側ミラー,液晶仪表尺寸,液晶メーターサイズ,● 7インチ,● 7インチ,● 7インチ,● 7インチ,● 7インチ,● 7インチ,● 7インチ,● 7インチ,● 7インチ,● 7インチ,● 7インチ,● 7インチ,● 7インチ,● 7インチ,● 7インチ,● 7インチ,● 7インチ,● 7インチ,● 7インチ,● 7インチ,● 10.25インチ,● 10.25インチ,● 10.25インチ,● 10.25インチ,● 7インチ,● 7インチ,● 7インチ,● 7インチ,● 7インチ,● 7インチ,● 7インチ,● 7インチ,● 7インチ,● 10.25インチ,● 10.25インチ,● 10.25インチ,● 10.25インチ,● 7インチ,● 7インチ,● 7インチ,● 7インチ,● 7インチ,● 7インチ,● 7インチ,● 7インチ,● 7インチ,● 7インチ,● 7インチ,● 7インチ,● 7インチ,● 7インチ,● 7インチ,● 7インチ,● 7インチ,● 7インチ,● 7インチ,● 7インチ,● 7インチ,● 7インチ,● 7インチ,● 10.25インチ,● 10.25インチ,● 10.25インチ,● 10.25インチ,● 7インチ,● 7インチ,● 7インチ,● 7インチ,● 7インチ,● 7インチ,● 7インチ,● 7インチ,● 7インチ,● 7インチ,● 7インチ,● 7インチ,● 7インチ,● 7インチ,● 7インチ,● 7インチ,● 7インチ,● 10.25インチ,● 10.25インチ,● 10.25インチ,● 10.25インチ,● 10.25インチ,● 10.25インチ,● 7インチ,● 10.25インチ,-,-,-,-,● 7インチ,● 10.25インチ,● 10.25インチ,● 3.5インチ,-,● 7インチ,● 7インチ,-,-,● 7インチ
方向盘/内后视镜,ステアリング・内側ミラー,内后视镜功能,ルームミラー機能,● 手動防眩機能,● 手動防眩機能,● 手動防眩機能,● 手動防眩機能,● 手動防眩機能,● 手動防眩機能,● 手動防眩機能,● 手動防眩機能,● 手動防眩機能,● 手動防眩機能,● 手動防眩機能,● 手動防眩機能,● 手動防眩機能,● 手動防眩機能,● 手動防眩機能,● 手動防眩機能,● 手動防眩機能,● 手動防眩機能,● 手動防眩機能,● 手動防眩機能,● 手動防眩機能,● 手動防眩機能,● 手動防眩機能,● 手動防眩機能,● 手動防眩機能,● 手動防眩機能,● 手動防眩機能,● 手動防眩機能,● 手動防眩機能,● 手動防眩機能,● 手動防眩機能,● 手動防眩機能,● 手動防眩機能,● 手動防眩機能,● 手動防眩機能,● 手動防眩機能,● 手動防眩機能,● 手動防眩機能,● 手動防眩機能,● 手動防眩機能,● 手動防眩機能,● 手動防眩機能,● 手動防眩機能,● 手動防眩機能,● 手動防眩機能,● 手動防眩機能,● 手動防眩機能,● 手動防眩機能,● 手動防眩機能,● 手動防眩機能,● 手動防眩機能,● 手動防眩機能,-,● 手動防眩機能,● 手動防眩機能,● 手動防眩機能,● 手動防眩機能,● 手動防眩機能,● 手動防眩機能,● 手動防眩機能,● 手動防眩機能,● 手動防眩機能,● 手動防眩機能,● 手動防眩機能,● 手動防眩機能,● 手動防眩機能,● 手動防眩機能,● 手動防眩機能,● 手動防眩機能,● 手動防眩機能,● 手動防眩機能,● 手動防眩機能,● 手動防眩機能,● 手動防眩機能,● 手動防眩機能,● 手動防眩機能,● 手動防眩機能,● 手動防眩機能,● 手動防眩機能,● 手動防眩機能,● 手動防眩機能,● 手動防眩機能,● 手動防眩機能,● 手動防眩機能,● 手動防眩機能,● 手動防眩機能,● 手動防眩機能,● 手動防眩機能,● 手動防眩機能,● 手動防眩機能,● 手動防眩機能,● 手動防眩機能,● 手動防眩機能,● 手動防眩機能,● 手動防眩機能,● 手動防眩機能,● 手動防眩機能,● 手動防眩機能,● 手動防眩機能,● 手動防眩機能,● 手動防眩機能,● 手動防眩機能,● 手動防眩機能
车内充电,車内充電設備,多媒体/充电接口,マルチメディア／充電ポート,● USB,● USB,● USB,● USB,● USB,● USB,● USB,● USB,● USB,● USB,● USB,● USB,● USB,● USB,● USB,● USB,● USB,● USB,● USB,● USB,● USB,● USB,● USB,● USB,● USB,● USB,● USB,● USB,● USB,● USB,● USB,● USB,● USB,● USB,● USB,● USB,● USB,● USB,● USB,● USB,● USB,● USB,● USB,● USB,● USB,● USB,● USB,● USB,● USB,● USB,● USB,● USB,● USB,● USB,● USB,● USB,● USB,● USB,● USB,● USB,● USB,● USB,● USB,● USB,● USB,● USB,● USB,● USB,● USB,● USB,● USB,● USB,● USB,● USB,● USB,● USB,● USB,● USB,● USB,● USB,● USB,● USB,● USB,● USB,● USB,● USB,● USB,● USB,● USB,● USB,● USB,● USB,● USB,● USB,● USB,● USB,● USB,● USB,● USB,● USB,● USB,● USB,● USB
车内充电,車内充電設備,USB/Type-C接口数量,USB/Type-Cポート数,● 前席2個,● 前席2個,● 前席2個/後席6個,"● 前席2個/後席2個
○ 前席2個/後席6個",● 前席2個/後席6個,● 前席2個,● 前席2個,● 前席2個/後席6個,● 前席2個/後席6個,● 前席2個/後席6個,● 前席2個/後席6個,● 前席2個/後席6個,● 前席2個/後席6個,● 前席2個/後席6個,● 前席2個/後席2個,● 前席2個/後席2個,● 前席2個/後席6個,● 前席2個/後席6個,● 前席2個/後席6個,● 前席2個/後席6個,● 前席2個/後席6個,● 前席2個/後席6個,● 前席2個/後席6個,● 前席2個/後席6個,● 前席2個/後席6個,● 前席2個,● 前席2個/後席6個,● 前席2個/後席6個,● 前席2個/後席6個,● 前席2個/後席6個,● 前席2個/後席6個,● 前席2個/後席6個,● 前席2個/後席6個,● 前席2個/後席6個,● 前席2個/後席6個,● 前席2個/後席6個,● 前席2個/後席6個,● 前席2個/後席6個,● 前席2個/後席6個,● 前席2個/後席6個,● 前席2個/後席6個,● 前席2個/後席6個,● 前席2個/後席6個,● 前席2個/後席6個,● 前席2個/後席6個,● 前席2個/後席6個,● 前席2個/後席6個,● 前席2個/後席6個,● 前席2個/後席6個,● 前席2個/後席6個,● 前席2個/後席6個,● 前席2個/後席6個,● 前席2個,● 前席2個,● 前席2個,"● 前席2個/後席2個
○ 前席2個/後席6個","● 前席2個/後席2個
○ 前席2個/後席6個","● 前席2個/後席2個
○ 前席2個/後席6個","● 前席2個/後席2個
○ 前席2個/後席6個","● 前席2個/後席2個
○ 前席2個/後席6個",● 前席2個/後席6個,● 前席2個/後席6個,● 前席2個/後席6個,● 前席2個/後席6個,● 前席2個,"● 前席2個/後席2個
○ 前席2個/後席6個","● 前席2個/後席2個
○ 前席2個/後席6個","● 前席2個/後席2個
○ 前席2個/後席6個","● 前席2個/後席2個
○ 前席2個/後席6個","● 前席2個/後席2個
○ 前席2個/後席6個","● 前席2個/後席2個
○ 前席2個/後席6個",● 前席2個,● 前席2個,● 前席2個,● 前席2個,"● 前席2個/後席2個
○ 前席2個/後席6個","● 前席2個/後席2個
○ 前席2個/後席6個","● 前席2個/後席2個
○ 前席2個/後席6個","● 前席2個/後席2個
○ 前席2個/後席6個",● 前席2個/後席6個,● 前席2個/後席6個,● 前席2個/後席6個,● 前席2個/後席6個,● 前席2個/後席6個,● 前席2個/後席6個,● 前席2個/後席6個,● 前席2個/後席6個,● 前席2個/後席6個,● 前席2個/後席6個,● 前席2個,● 前席2個,● 前席2個,● 前席2個,● 調査中,● 前席2個/後席6個,● 前席2個/後席6個,● 前席2個,● 前席2個,● 前席2個/後席2個,● 前席2個/後席2個,● 前席2個,● 前席2個,● 調査中
车内充电,車内充電設備,USB/Type-C最大充电功率,USB／Type-C最大充電出力,● 18W,● 18W,● 18W,-,● 18W,● 18W,● 18W,● 18W,● 18W,● 18W,● 18W,● 18W,● 18W,● 18W,● 27W,● 27W,● 18W,● 18W,● 27W,● 27W,● 27W,● 27W,● 27W,● 27W,● 18W,● 18W,● 18W,● 18W,● 18W,● 18W,● 18W,● 27W,● 27W,● 27W,● 27W,● 27W,● 27W,● 18W,● 18W,● 18W,● 18W,● 18W,● 18W,● 18W,● 18W,● 18W,● 18W,● 18W,● 18W,● 18W,● 18W,● 18W,-,-,-,-,-,-,-,-,-,-,-,-,-,-,-,-,-,-,-,-,-,-,-,-,-,-,-,-,-,-,-,-,-,-,-,-,-,-,-,-,-,-,-,-,-,-,-,-,-,-,-
车内充电,車内充電設備,手机无线充电功能,スマホワイヤレス充電機能,-,-,-,-,-,-,-,-,-,-,-,-,-,-,-,-,-,-,-,-,● 前席,● 前席,● 前席,● 前席,-,-,-,-,-,-,-,-,-,● 前席,● 前席,● 前席,● 前席,-,-,-,-,-,-,-,-,-,-,-,-,-,-,-,-,-,-,-,-,-,-,-,-,-,-,-,-,-,-,-,-,-,-,-,-,-,-,-,-,-,-,-,-,● 前席,● 前席,● 前席,● 前席,● 前席,● 前席,-,-,-,-,-,-,-,● 前席,● 前席,-,-,-,-,-,-,-
车内充电,車内充電設備,手机无线充电功率,スマホワイヤレス充電出力,-,-,-,-,-,-,-,-,-,-,-,-,-,-,-,-,-,-,-,-,● 15W,● 15W,● 15W,● 15W,-,-,-,-,-,-,-,-,-,● 15W,● 15W,● 15W,● 15W,-,-,-,-,-,-,-,-,-,-,-,-,-,-,-,-,-,-,-,-,-,-,-,-,-,-,-,-,-,-,-,-,-,-,-,-,-,-,-,-,-,-,-,-,-,-,-,-,-,-,-,-,-,-,-,-,-,-,-,-,-,-,-,-,-,-
座椅配置,シート装備,座椅材质,シート素材,● ファブリック,● ファブリック,● 合成皮革,● ファブリック,● 合成皮革,● ファブリック,● ファブリック,● 合成皮革,● ファブリック,● 合成皮革,● 合成皮革,● 合成皮革,● 合成皮革,● 合成皮革,● ファブリック,● ファブリック,● 合成皮革,● 合成皮革,● 合成皮革,● 合成皮革,● 合成皮革,● 合成皮革,● 合成皮革,● 合成皮革,● ファブリック,● ファブリック,● 合成皮革,● 合成皮革,● 合成皮革,● 合成皮革,● 合成皮革,● 合成皮革,● 合成皮革,● 合成皮革,● 合成皮革,● 合成皮革,● 合成皮革,● ファブリック,● ファブリック,● 合成皮革,● 合成皮革,● 合成皮革,● 合成皮革,● ファブリック,● ファブリック,● ファブリック,● ファブリック,● 合成皮革,● 合成皮革,● 合成皮革,● 合成皮革,● 合成皮革,● ファブリック,● ファブリック,● ファブリック,● ファブリック,● ファブリック,● ファブリック,● ファブリック,● ファブリック,● 合成皮革,● 合成皮革,● 合成皮革,● 合成皮革,● ファブリック,● 合成皮革,● ファブリック,● ファブリック,● 合成皮革,● ファブリック,● ファブリック,● ファブリック,● ファブリック,● ファブリック,● ファブリック,● 合成皮革,● 合成皮革,● ファブリック,● ファブリック,● ファブリック,● ファブリック,● 合成皮革,● 合成皮革,● 合成皮革,● 合成皮革,● 合成皮革,● 合成皮革,● 合成皮革,● 合成皮革,● ファブリック,● ファブリック,● ファブリック,● ファブリック,● 合成皮革,● 合成皮革,● 合成皮革,● ファブリック,● ファブリック,● 合成皮革,● 合成皮革,● ファブリック,● ファブリック,● 合成皮革
座椅配置,シート装備,主座椅调节方式,運転席シート調整方式,"● 前後調整
● 背もたれ調整","● 前後調整
● 背もたれ調整","● 前後調整
● 背もたれ調整","● 前後調整
● 背もたれ調整","● 前後調節
● リクライニング調節
● 高さ調節（2方向）","● 前後調整
● 背もたれ調整","● 前後調整
● 背もたれ調整","● 前後調整
● 背もたれ調整","● 前後調整
● 背もたれ調整","● 前後調整
● 背もたれ調整","● 前後調整
● 背もたれ調整","● 前後調整
● 背もたれ調整","● 前後調整
● 背もたれ調整","● 前後調整
● 背もたれ調整","● 前後調整
● 背もたれ調整","● 前後調整
● 背もたれ調整","● 前後調整
● 背もたれ調整","● 前後調整
● 背もたれ調整","● 前後調節
● リクライニング調節
● 高さ調節（2方向）","● 前後調節
● リクライニング調節
● 高さ調節（2方向）","● 前後調節
● リクライニング調節
● 高さ調節（2方向）","● 前後調節
● リクライニング調節
● 高さ調節（2方向）","● 前後調節
● リクライニング調節
● 高さ調節（2方向）","● 前後調節
● リクライニング調節
● 高さ調節（2方向）","● 前後調整
● 背もたれ調整","● 前後調整
● 背もたれ調整","● 前後調整
● 背もたれ調整","● 前後調整
● 背もたれ調整","● 前後調節
● リクライニング調節
● 高さ調節（2方向）","● 前後調節
● リクライニング調節
● 高さ調節（2方向）","● 前後調節
● リクライニング調節
● 高さ調節（2方向）","● 前後調節
● リクライニング調節
● 高さ調節（2方向）","● 前後調節
● リクライニング調節
● 高さ調節（2方向）","● 前後調節
● リクライニング調節
● 高さ調節（2方向）","● 前後調節
● リクライニング調節
● 高さ調節（2方向）","● 前後調節
● リクライニング調節
● 高さ調節（2方向）","● 前後調節
● リクライニング調節
● 高さ調節（2方向）","● 前後調整
● 背もたれ調整","● 前後調整
● 背もたれ調整","● 前後調整
● 背もたれ調整","● 前後調節
● リクライニング調節
● 高さ調節（2方向）","● 前後調節
● リクライニング調節
● 高さ調節（2方向）","● 前後調整
● 背もたれ調整","● 前後調整
● 背もたれ調整","● 前後調整
● 背もたれ調整","● 前後調整
● 背もたれ調整","● 前後調整
● 背もたれ調整","● 前後調整
● 背もたれ調整","● 前後調整
● 背もたれ調整","● 前後調節
● リクライニング調節
● 高さ調節（2方向）","● 前後調節
● リクライニング調節
● 高さ調節（2方向）","● 前後調節
● リクライニング調節
● 高さ調節（2方向）","● 前後調整
● 背もたれ調整","● 前後調整
● 背もたれ調整","● 前後調整
● 背もたれ調整","● 前後調整
● 背もたれ調整","● 前後調整
● 背もたれ調整","● 前後調整
● 背もたれ調整","● 前後調整
● 背もたれ調整","● 前後調整
● 背もたれ調整","● 前後調節
● リクライニング調節
● 高さ調節（2方向）","● 前後調節
● リクライニング調節
● 高さ調節（2方向）","● 前後調節
● リクライニング調節
● 高さ調節（2方向）","● 前後調節
● リクライニング調節
● 高さ調節（2方向）","● 前後調整
● 背もたれ調整","● 前後調整
● 背もたれ調整","● 前後調整
● 背もたれ調整","● 前後調整
● 背もたれ調整","● 前後調整
● 背もたれ調整","● 前後調整
● 背もたれ調整","● 前後調整
● 背もたれ調整","● 前後調整
● 背もたれ調整","● 前後調整
● 背もたれ調整","● 前後調整
● 背もたれ調整","● 前後調整
● 背もたれ調整","● 前後調整
● 背もたれ調整","● 前後調整
● 背もたれ調整","● 前後調整
● 背もたれ調整","● 前後調整
● 背もたれ調整","● 前後調節
● リクライニング調節
● 高さ調節（2方向）","● 前後調節
● リクライニング調節
● 高さ調節（2方向）","● 前後調節
● リクライニング調節
● 高さ調節（2方向）","● 前後調節
● リクライニング調節
● 高さ調節（2方向）","● 前後調節
● リクライニング調節
● 高さ調節（2方向）","● 前後調節
● リクライニング調節
● 高さ調節（2方向）","● 前後調節
● リクライニング調節
● 高さ調節（2方向）","● 前後調節
● リクライニング調節
● 高さ調節（2方向）","● 前後調節
● リクライニング調節
● 高さ調節（2方向）","● 前後調節
● リクライニング調節
● 高さ調節（2方向）","● 前後調整
● 背もたれ調整","● 前後調整
● 背もたれ調整","● 前後調節
● リクライニング調節
● 高さ調節（2方向）","● 前後調整
● 背もたれ調整","● 前後調整
● 背もたれ調整","● 前後調節
● リクライニング調節
● 高さ調節（2方向）","● 前後調節
● リクライニング調節
● 高さ調節（2方向）","● 前後調節
● リクライニング調節
● 高さ調節（2方向）","● 前後調整
● 背もたれ調整","● 前後調節
● リクライニング調節
● 高さ調節（2方向）","● 前後調節
● リクライニング調節
● 高さ調節（2方向）","● 前後調節
● リクライニング調節
● 高さ調節（2方向）","● 前後調節
● リクライニング調節
● 高さ調節（2方向）","● 前後調節
● リクライニング調節
● 高さ調節（2方向）"
座椅配置,シート装備,副座椅调节方式,助手席シート調整方式,"● 前後調整
● 背もたれ調整","● 前後調整
● 背もたれ調整","● 前後調整
● 背もたれ調整","● 前後調整
● 背もたれ調整","● 前後調整
● 背もたれ調整","● 前後調整
● 背もたれ調整","● 前後調整
● 背もたれ調整","● 前後調整
● 背もたれ調整","● 前後調整
● 背もたれ調整","● 前後調整
● 背もたれ調整","● 前後調整
● 背もたれ調整","● 前後調整
● 背もたれ調整","● 前後調整
● 背もたれ調整","● 前後調整
● 背もたれ調整","● 前後調整
● 背もたれ調整","● 前後調整
● 背もたれ調整","● 前後調整
● 背もたれ調整","● 前後調整
● 背もたれ調整","● 前後調整
● 背もたれ調整","● 前後調整
● 背もたれ調整","● 前後調整
● 背もたれ調整","● 前後調整
● 背もたれ調整","● 前後調整
● 背もたれ調整","● 前後調整
● 背もたれ調整",● リクライニング調節,"● 前後調整
● 背もたれ調整","● 前後調整
● 背もたれ調整","● 前後調整
● 背もたれ調整","● 前後調整
● 背もたれ調整","● 前後調整
● 背もたれ調整","● 前後調整
● 背もたれ調整","● 前後調整
● 背もたれ調整","● 前後調整
● 背もたれ調整","● 前後調整
● 背もたれ調整","● 前後調整
● 背もたれ調整","● 前後調整
● 背もたれ調整","● 前後調整
● 背もたれ調整","● 前後調整
● 背もたれ調整","● 前後調整
● 背もたれ調整","● 前後調整
● 背もたれ調整","● 前後調整
● 背もたれ調整","● 前後調整
● 背もたれ調整","● 前後調整
● 背もたれ調整","● 前後調整
● 背もたれ調整","● 前後調整
● 背もたれ調整",● リクライニング調節,"● 前後調整
● 背もたれ調整","● 前後調整
● 背もたれ調整","● 前後調整
● 背もたれ調整","● 前後調整
● 背もたれ調整","● 前後調整
● 背もたれ調整","● 前後調整
● 背もたれ調整",● リクライニング調節,"● 前後調整
● 背もたれ調整","● 前後調整
● 背もたれ調整","● 前後調整
● 背もたれ調整","● 前後調整
● 背もたれ調整","● 前後調整
● 背もたれ調整","● 前後調整
● 背もたれ調整","● 前後調整
● 背もたれ調整","● 前後調整
● 背もたれ調整","● 前後調整
● 背もたれ調整","● 前後調整
● 背もたれ調整","● 前後調整
● 背もたれ調整","● 前後調整
● 背もたれ調整","● 前後調整
● 背もたれ調整","● 前後調整
● 背もたれ調整","● 前後調整
● 背もたれ調整","● 前後調整
● 背もたれ調整","● 前後調整
● 背もたれ調整","● 前後調整
● 背もたれ調整","● 前後調整
● 背もたれ調整","● 前後調整
● 背もたれ調整",● リクライニング調節,"● 前後調整
● 背もたれ調整","● 前後調整
● 背もたれ調整","● 前後調整
● 背もたれ調整","● 前後調整
● 背もたれ調整","● 前後調整
● 背もたれ調整","● 前後調整
● 背もたれ調整","● 前後調整
● 背もたれ調整","● 前後調整
● 背もたれ調整","● 前後調整
● 背もたれ調整","● 前後調整
● 背もたれ調整","● 前後調整
● 背もたれ調整","● 前後調整
● 背もたれ調整","● 前後調整
● 背もたれ調整","● 前後調整
● 背もたれ調整","● 前後調整
● 背もたれ調整",● リクライニング調節,● リクライニング調節,"● 前後調整
● 背もたれ調整",● リクライニング調節,● リクライニング調節,"● 前後調整
● 背もたれ調整","● 前後調整
● 背もたれ調整","● 前後調整
● 背もたれ調整",● リクライニング調節,"● 前後調整
● 背もたれ調整","● 前後調整
● 背もたれ調整","● 前後調整
● 背もたれ調整","● 前後調整
● 背もたれ調整","● 前後調整
● 背もたれ調整"
座椅配置,シート装備,主/副驾驶座电动调节,運転席/助手席電動調整,-,-,-,-,-,-,-,-,-,-,-,-,-,-,-,-,-,-,-,-,運転席 ● / 助手席,運転席 ● / 助手席,運転席 ● / 助手席,運転席 ● / 助手席,-,-,-,-,-,-,-,-,-,運転席 ● / 助手席,運転席 ● / 助手席,運転席 ● / 助手席,運転席 ● / 助手席,-,-,-,-,-,-,-,-,-,-,-,-,-,-,-,-,-,-,-,-,-,-,-,-,-,-,-,-,-,-,-,-,-,-,-,-,-,-,-,-,-,-,-,-,運転席 ● / 助手席,運転席 ● / 助手席,運転席 ● / 助手席,運転席 ● / 助手席,運転席 ● / 助手席,運転席 ● / 助手席,-,-,-,-,-,-,-,運転席 ● / 助手席,運転席 ● / 助手席,-,-,-,-,-,-,-
座椅配置,シート装備,前排座椅功能,フロントシート機能,-,-,-,-,-,-,-,-,-,-,-,-,-,-,-,-,-,-,-,-,-,-,-,-,-,-,-,-,-,-,-,-,-,-,-,-,-,-,-,-,-,-,-,-,-,-,-,-,-,-,-,-,-,-,-,-,-,-,-,-,-,-,-,-,-,-,-,-,-,-,-,-,-,-,-,-,-,-,-,-,-,-,-,-,-,-,-,-,-,-,-,-,-,-,-,-,-,-,-,-,-,-,-
座椅配置,シート装備,电动座椅记忆功能,電動シートメモリー機能,-,-,-,-,-,-,-,-,-,-,-,-,-,-,-,-,-,-,-,-,-,-,-,-,-,-,-,-,-,-,-,-,-,-,-,-,-,-,-,-,-,-,-,-,-,-,-,-,-,-,-,-,-,-,-,-,-,-,-,-,-,-,-,-,-,-,-,-,-,-,-,-,-,-,-,-,-,-,-,-,-,-,-,-,-,-,-,-,-,-,-,-,-,-,-,-,-,-,-,-,-,-,-
座椅配置,シート装備,副驾驶位后排可调节按钮,助手席後部調整ボタン,-,-,-,-,-,-,-,-,-,-,-,-,-,-,-,-,-,-,-,-,-,-,-,-,-,-,-,-,-,-,-,-,-,-,-,-,-,-,-,-,-,-,-,-,-,-,-,-,-,-,-,-,-,-,-,-,-,-,-,-,-,-,-,-,-,-,-,-,-,-,-,-,-,-,-,-,-,-,-,-,-,-,-,-,-,-,-,-,-,-,-,-,-,-,-,-,-,-,-,-,-,-,-
座椅配置,シート装備,第二排座椅调节,2列目シート調整,-,● リクライニング調節,"● 前後調整
● 背もたれ調整","● 前後調整
● 背もたれ調整",-,-,-,"● 前後調整
● 背もたれ調整",-,"● 前後調整
● 背もたれ調整",● リクライニング調節,"● 前後調整
● 背もたれ調整",-,● リクライニング調節,"● 前後調整
● 背もたれ調整",● 前後調節,-,-,"● 前後調整
● 背もたれ調整",● リクライニング調節,"● 前後調整
● 背もたれ調整","● 前後調整
● 背もたれ調整","● 前後調整
● 背もたれ調整",● リクライニング調節,-,-,"● 前後調整
● 背もたれ調整",● リクライニング調節,"● 前後調整
● 背もたれ調整",-,● リクライニング調節,"● 前後調整
● 背もたれ調整",● リクライニング調節,"● 前後調整
● 背もたれ調整","● 前後調整
● 背もたれ調整","● 前後調整
● 背もたれ調整",● リクライニング調節,-,● リクライニング調節,"● 前後調整
● 背もたれ調整","● 前後調整
● 背もたれ調整",-,"● 前後調整
● 背もたれ調整",-,-,-,-,"● 前後調整
● 背もたれ調整",● リクライニング調節,"● 前後調整
● 背もたれ調整",-,● リクライニング調節,-,● リクライニング調節,● リクライニング調節,"● 前後調整
● 背もたれ調整",● リクライニング調節,"● 前後調整
● 背もたれ調整",-,-,"● 前後調整
● 背もたれ調整",● リクライニング調節,"● 前後調整
● 背もたれ調整",● リクライニング調節,-,"● 前後調整
● 背もたれ調整","● 前後調整
● 背もたれ調整",● 前後調節,"● 前後調整
● 背もたれ調整","● 前後調整
● 背もたれ調整",● リクライニング調節,-,● リクライニング調節,-,● リクライニング調節,"● 前後調整
● 背もたれ調整",● リクライニング調節,"● 前後調整
● 背もたれ調整",● リクライニング調節,"● 前後調整
● 背もたれ調整",● リクライニング調節,"● 前後調整
● 背もたれ調整","● 前後調整
● 背もたれ調整","● 前後調整
● 背もたれ調整",● リクライニング調節,"● 前後調整
● 背もたれ調整",● リクライニング調節,"● 前後調整
● 背もたれ調整","● 前後調整
● 背もたれ調整",● リクライニング調節,● リクライニング調節,● リクライニング調節,● リクライニング調節,"● 前後調整
● 背もたれ調整","● 前後調整
● 背もたれ調整",● リクライニング調節,"● 前後調整
● 背もたれ調整",-,● 前後調節,● 前後調節,● 前後調節,● 前後調節,● 前後調節
座椅配置,シート装備,第二排独立座椅,2列目独立シート,-,-,●,●,-,-,-,●,-,●,-,●,-,-,●,-,-,-,●,-,●,●,●,-,-,-,●,-,●,-,-,●,-,●,●,●,-,-,-,●,●,-,●,-,-,-,-,●,-,●,-,-,-,-,-,-,-,●,-,-,●,-,●,-,-,●,●,-,●,●,-,-,-,-,-,●,-,●,-,●,-,●,●,●,-,●,-,●,●,-,-,-,-,○,-,-,●,-,●,●,●,●,-
座椅配置,シート装備,第三排座椅调节,3列目シート調整,-,-,-,-,-,-,-,-,-,-,-,-,-,-,-,-,-,-,-,-,-,● リクライニング調節,-,-,-,-,-,-,-,-,-,-,-,-,● リクライニング調節,-,-,-,-,-,-,-,-,-,-,-,-,-,-,-,-,-,-,-,-,-,-,-,-,-,-,-,-,-,-,-,-,-,-,-,-,-,-,-,-,-,-,-,-,-,-,-,-,-,-,-,-,-,-,-,-,-,-,-,-,-,-,-,-,-,-,-,-
座椅配置,シート装備,座椅布局,シートレイアウト,-,● 2-2-3,● 2-2-3,● 2-2-3,● 2-3-3,-,● 2-2-3,● 2-2-3,● 2-2-3,● 2-2-3,● 2-2-2-3,● 2-2-3,● 2-3-3,● 2-2-2-3,● 2-2-3,● 2-2-2-3,-,-,● 2-2-3,● 2-2-2-3,● 2-2-3,● 2-2-2-3,● 2-2-3,● 2-2-2-3,-,● 2-2-3,● 2-2-3,● 2-2-2-3,● 2-2-3,● 2-3-3,● 2-2-2-3,● 2-2-3,● 2-2-2-3,● 2-2-3,● 2-2-2-3,● 2-2-3,● 2-2-2-3,-,● 2-2-3,● 2-2-3,● 2-2-3,● 2-3-3,● 2-2-3,-,● 2-2-3,-,● 2-2-3,● 2-2-3,● 2-2-2-3,● 2-2-3,● 2-3-3,● 2-2-2-3,-,● 2-2-2,● 2-2-3,● 2-2-3,● 2-2-2-3,● 2-2-3,● 2-3-3,● 2-2-2-3,● 2-2-3,● 2-2-2-3,● 2-2-3,● 2-2-2-3,-,● 2-2-3,● 2-2-3,● 2-3-3,● 2-2-3,● 2-2-3,● 2-3-3,-,"○ 2-2-2
● 2-2-3",-,"○ 2-2-2
● 2-2-3",● 2-2-3,● 2-2-2-3,● 2-2-3,"● 2-2-2-3
○ 2-3-3",● 2-2-3,● 2-2-2-3,● 2-2-3,● 2-2-2-3,● 2-2-3,● 2-2-2-3,● 2-2-3,● 2-2-2-3,● 2-2-3,● 2-2-3,● 2-2-2,"○ 2-2-2
● 2-2-3",● 2-2-2-3,"○ 2-2-2
● 2-2-3",● 2-2-2-3,● 2-2-3,● 2-2-2-3,● 2-2-3,● 2-2-3,● 2-2-3,● 2-2-2-3,● 2-2-3,● 2-2-3,● 2-2-2-3
座椅配置,シート装備,后排座椅放倒形式,後席シート倒し方式,-,● 一体倒し,● 一体倒し,● 一体倒し,● 一体倒し,-,● 分割倒し,● 一体倒し,● 分割倒し,● 一体倒し,-,● 一体倒し,● 一体倒し,-,● 一体倒し,-,-,-,● 一体倒し,-,● 一体倒し,-,● 一体倒し,-,-,● 分割倒し,● 一体倒し,-,● 一体倒し,● 一体倒し,-,● 一体倒し,-,● 一体倒し,-,● 一体倒し,-,-,● 一体倒し,● 一体倒し,● 一体倒し,● 一体倒し,● 一体倒し,-,● 分割倒し,-,● 分割倒し,● 一体倒し,-,● 一体倒し,● 一体倒し,-,-,● 一体倒し,● 分割倒し,● 一体倒し,-,● 一体倒し,● 一体倒し,-,● 一体倒し,-,● 一体倒し,-,● 一体倒し,● 一体倒し,● 一体倒し,● 一体倒し,● 一体倒し,● 一体倒し,● 一体倒し,● 一体倒し,● 一体倒し,● 一体倒し,● 一体倒し,● 一体倒し,● 一体倒し,● 一体倒し,○ 一体倒し,● 一体倒し,● 一体倒し,● 一体倒し,● 一体倒し,● 一体倒し,-,● 一体倒し,-,● 一体倒し,● 一体倒し,● 一体倒し,● 分割倒し,-,● 分割倒し,● 一体倒し,● 一体倒し,-,● 一体倒し,● 一体倒し,● 一体倒し,● 一体倒し,● 一体倒し,● 一体倒し,● 一体倒し
座椅配置,シート装備,前/后中央扶手,フロント/リヤセンターアームレスト,-,-,-,前 ● / 後 ●,-,-,-,-,-,-,-,-,-,-,前席 ● / 後席,前席 ● / 後席,-,-,前席 ● / 後席,前席 ● / 後席,前席 ● / 後席,前席 ● / 後席,前席 ● / 後席,前席 ● / 後席,-,-,-,-,-,-,-,前席 ● / 後席,前席 ● / 後席,-,-,-,-,-,-,-,-,-,-,-,-,-,-,-,-,-,-,-,-,-,-,-,-,前 ● / 後 ●,前 ● / 後 ●,前 ● / 後 ●,前 ● / 後 ●,前 ● / 後 ●,前 ● / 後 ●,前 ● / 後 ●,-,前 ● / 後 ●,前 ● / 後 ●,-,前 ● / 後 ●,前 ● / 後 ●,-,-,前 ● / 後 ●,-,前 ● / 後 ●,前 ● / 後 ●,前 ● / 後 ●,前 ● / 後 ●,前 ● / 後 ●,前 ● / 後 ●,前 ● / 後 ●,前 ● / 後 ●,前 ● / 後 ●,前 ● / 後 ●,前 ● / 後 ●,前 ● / 後 ●,前 ● / 後 ●,前 ● / 後 ●,前 ● / 後 ●,前 ● / 後 ●,前 ● / 後 ●,前 ● / 後 ●,前 ● / 後 ●,前 ● / 後 ●,前 ● / 後 ●,前 ● / 後 ●,前 ● / 後 ●,前 ● / 後 ●,前 ● / 後 ●,前 ● / 後 ●,前 ● / 後 ●,前 ● / 後 ●,前 ● / 後 ●
座椅配置,シート装備,后排杯架,後席カップホルダー,-,-,-,-,-,-,-,-,-,-,-,-,-,-,-,-,-,-,-,-,-,-,-,-,-,-,-,-,-,-,-,-,-,-,-,-,-,-,-,-,-,-,-,-,-,-,-,-,-,-,-,-,-,-,-,-,-,-,-,-,-,-,-,-,-,-,-,-,-,-,-,-,-,-,-,-,-,-,-,-,-,-,-,-,-,-,-,-,-,-,-,-,-,-,-,-,-,-,-,-,-,-,-
音响/车内灯光,オーディオ・室内照明,扬声器品牌名称,スピーカーブランド名,-,-,-,-,-,-,-,-,-,-,-,-,-,-,-,-,-,-,-,-,-,-,-,-,-,-,-,-,-,-,-,-,-,-,-,-,-,-,-,-,-,-,-,-,-,-,-,-,-,-,-,-,-,-,-,-,-,-,-,-,-,-,-,-,-,-,-,-,-,-,-,-,-,-,-,-,-,-,-,-,-,-,-,-,-,-,-,-,-,-,-,-,-,-,-,-,-,-,-,-,-,-,-
音响/车内灯光,オーディオ・室内照明,扬声器数量,スピーカー数,● 2スピーカー,● 2スピーカー,● 2スピーカー,● 2スピーカー,● 2スピーカー,● 2スピーカー,● 2スピーカー,● 2スピーカー,● 2スピーカー,● 2スピーカー,● 2スピーカー,● 2スピーカー,● 2スピーカー,● 2スピーカー,● 2スピーカー,● 2スピーカー,● 2スピーカー,● 2スピーカー,● 2スピーカー,● 2スピーカー,● 6スピーカー,● 6スピーカー,● 6スピーカー,● 6スピーカー,● 2スピーカー,● 2スピーカー,● 2スピーカー,● 2スピーカー,● 2スピーカー,● 2スピーカー,● 2スピーカー,● 2スピーカー,● 2スピーカー,● 6スピーカー,● 6スピーカー,● 6スピーカー,● 6スピーカー,● 2スピーカー,● 2スピーカー,● 2スピーカー,● 2スピーカー,● 2スピーカー,● 2スピーカー,● 2スピーカー,● 2スピーカー,● 2スピーカー,● 2スピーカー,● 2スピーカー,● 2スピーカー,● 2スピーカー,● 2スピーカー,● 2スピーカー,● 2スピーカー,● 2スピーカー,● 2スピーカー,● 2スピーカー,● 2スピーカー,● 2スピーカー,● 2スピーカー,● 2スピーカー,● 6スピーカー,● 6スピーカー,● 6スピーカー,● 6スピーカー,● 2スピーカー,● 4スピーカー,● 2スピーカー,● 2スピーカー,● 4スピーカー,● 2スピーカー,● 2スピーカー,● 2スピーカー,● 2スピーカー,● 2スピーカー,● 2スピーカー,● 4スピーカー,● 4スピーカー,● 2スピーカー,● 2スピーカー,● 4スピーカー,● 4スピーカー,● 6スピーカー,● 6スピーカー,● 6スピーカー,● 6スピーカー,● 6スピーカー,● 6スピーカー,● 4スピーカー,● 6スピーカー,● 2スピーカー,● 2スピーカー,● 4スピーカー,● 2スピーカー,● 2スピーカー,● 6スピーカー,● 6スピーカー,● 4スピーカー,● 2スピーカー,● 6スピーカー,● 6スピーカー,● 4スピーカー,● 4スピーカー,● 6スピーカー
音响/车内灯光,オーディオ・室内照明,车内环境氛围灯,室内アンビエントライト,-,-,-,-,-,-,-,-,-,-,-,-,-,-,-,-,-,-,-,-,-,-,-,-,-,-,-,-,-,-,-,-,-,-,-,-,-,-,-,-,-,-,-,-,-,-,-,-,-,-,-,-,-,-,-,-,-,-,-,-,-,-,-,-,-,-,-,-,-,-,-,-,-,-,-,-,-,-,-,-,-,-,-,-,-,-,-,-,-,-,-,-,-,-,-,-,-,-,-,-,-,-,-
空调/冰箱,エアコン・冷蔵庫,空调温度控制方式,エアコン温度調節方式,● マニュアルエアコン,● マニュアルエアコン,● マニュアルエアコン,● マニュアルエアコン,● マニュアルエアコン,● マニュアルエアコン,● マニュアルエアコン,● マニュアルエアコン,● マニュアルエアコン,● マニュアルエアコン,● マニュアルエアコン,● マニュアルエアコン,● マニュアルエアコン,● マニュアルエアコン,● マニュアルエアコン,● マニュアルエアコン,● マニュアルエアコン,● マニュアルエアコン,● マニュアルエアコン,● マニュアルエアコン,● オートエアコン,● オートエアコン,● マニュアルエアコン,● マニュアルエアコン,● マニュアルエアコン,● マニュアルエアコン,● マニュアルエアコン,● マニュアルエアコン,● マニュアルエアコン,● マニュアルエアコン,● マニュアルエアコン,● マニュアルエアコン,● マニュアルエアコン,● オートエアコン,● オートエアコン,● マニュアルエアコン,● マニュアルエアコン,● マニュアルエアコン,● マニュアルエアコン,● マニュアルエアコン,● マニュアルエアコン,● マニュアルエアコン,● マニュアルエアコン,● マニュアルエアコン,● マニュアルエアコン,● マニュアルエアコン,● マニュアルエアコン,● マニュアルエアコン,● マニュアルエアコン,● マニュアルエアコン,● マニュアルエアコン,● マニュアルエアコン,● マニュアルエアコン,● マニュアルエアコン,● マニュアルエアコン,● マニュアルエアコン,● マニュアルエアコン,● マニュアルエアコン,● マニュアルエアコン,● マニュアルエアコン,● マニュアルエアコン,● マニュアルエアコン,● オートエアコン,● オートエアコン,● マニュアルエアコン,● マニュアルエアコン,● マニュアルエアコン,● マニュアルエアコン,● マニュアルエアコン,● マニュアルエアコン,● マニュアルエアコン,● マニュアルエアコン,● マニュアルエアコン,● マニュアルエアコン,● マニュアルエアコン,● マニュアルエアコン,● マニュアルエアコン,● マニュアルエアコン,● マニュアルエアコン,● マニュアルエアコン,● マニュアルエアコン,● オートエアコン,● オートエアコン,● マニュアルエアコン,● マニュアルエアコン,● オートエアコン,● オートエアコン,● マニュアルエアコン,● オートエアコン,○ マニュアルエアコン,○ マニュアルエアコン,● マニュアルエアコン,○ マニュアルエアコン,● マニュアルエアコン,● マニュアルエアコン,● マニュアルエアコン,● マニュアルエアコン,○ マニュアルエアコン,● マニュアルエアコン,● マニュアルエアコン,● マニュアルエアコン,● マニュアルエアコン,● マニュアルエアコン
空调/冰箱,エアコン・冷蔵庫,后排独立空调,後席独立エアコン,-,-,●,●,●,-,-,●,-,●,●,●,●,●,●,●,●,●,●,●,●,●,●,●,-,-,●,●,●,●,●,●,●,●,●,●,●,-,-,●,●,●,●,-,-,-,-,●,●,●,●,●,-,-,-,●,●,●,●,●,●,●,●,●,-,●,●,●,●,●,●,-,-,-,-,●,●,●,●,●,●,●,●,●,●,●,●,●,●,-,-,●,-,●,●,●,●,-,●,●,●,●,●
空调/冰箱,エアコン・冷蔵庫,后座出风口,後席エアアウトレット,-,-,●,●,●,-,-,●,-,●,●,●,●,●,●,●,●,●,●,●,●,●,●,●,-,-,●,●,●,●,●,●,●,●,●,●,●,-,-,●,●,●,●,-,-,-,-,●,●,●,●,●,-,-,-,●,●,●,●,●,●,●,●,●,-,●,●,●,●,●,●,-,-,-,-,●,●,●,●,●,●,●,●,●,●,●,●,●,●,-,-,●,-,●,●,●,●,-,●,●,●,●,●
空调/冰箱,エアコン・冷蔵庫,温度分区控制,温度ゾーン別調整,-,-,-,-,-,-,-,-,-,-,-,-,-,-,-,-,-,-,-,-,-,-,-,-,-,-,-,-,-,-,-,-,-,-,-,-,-,-,-,-,-,-,-,-,-,-,-,-,-,-,-,-,-,-,-,-,-,-,-,-,-,-,-,-,-,-,-,-,-,-,-,-,-,-,-,-,-,-,-,-,-,-,-,-,-,-,-,-,-,-,-,-,-,-,-,-,-,-,-,-,-,-,-
空调/冰箱,エアコン・冷蔵庫,车载空气净化器,車載空気清浄機,-,-,-,-,-,-,-,-,-,-,-,-,-,-,-,-,-,-,-,-,-,-,-,-,-,-,-,-,-,-,-,-,-,-,-,-,-,-,-,-,-,-,-,-,-,-,-,-,-,-,-,-,-,-,-,-,-,-,-,-,-,-,-,-,-,-,-,-,-,-,-,-,-,-,-,-,-,-,-,-,-,-,-,-,-,-,-,-,-,-,-,-,-,-,-,-,-,-,-,-,-,-,-
空调/冰箱,エアコン・冷蔵庫,车内PM2.5过滤装置,車内PM2.5フィルター装置,-,-,-,-,-,-,-,-,-,-,-,-,-,-,-,-,-,-,-,-,-,-,-,-,-,-,-,-,-,-,-,-,-,-,-,-,-,-,-,-,-,-,-,-,-,-,-,-,-,-,-,-,-,-,-,-,-,-,-,-,-,-,-,-,-,-,-,-,-,-,-,-,-,-,-,-,-,-,-,-,-,-,-,-,-,-,-,-,-,-,-,-,-,-,-,-,-,-,-,-,-,-,-
颜色,カラー,外观颜色,外装色,–,–,–,–,–,–,–,–,–,–,–,–,–,–,–,–,–,–,–,–,–,–,–,–,–,–,–,–,–,–,–,–,–,–,–,–,–,–,–,–,–,–,–,–,–,–,–,–,–,–,–,–,–,–,–,–,–,–,–,–,–,–,–,–,–,–,–,–,–,–,–,–,–,–,–,–,–,–,–,–,–,–,–,–,–,–,–,–,-,–,–,–,–,–,–,–,–,–,–,–,–,–,–
颜色,カラー,内饰颜色,内装色,–,–,–,–,–,–,–,–,–,–,–,–,–,–,–,–,–,–,–,–,–,–,–,–,–,–,–,–,–,–,–,–,–,–,–,–,–,–,–,–,–,–,–,–,–,–,–,–,–,–,–,–,–,–,–,–,–,–,–,–,–,–,–,–,–,–,–,–,–,–,–,–,–,–,–,–,–,–,–,–,–,–,–,–,–,–,–,–,–,–,–,–,–,–,–,–,–,–,–,–,–,–,–
